fixation_duration,pupil_x,pupil_y,dispersion_x,dispersion_y,eeg_mean,eeg_std,eeg_min,eeg_max,eeg_median,eeg_var,eeg_count
232.0,93.0,66.3,7.0,6.0,0.03833297419354838,1.2798693532190066,-2.485066,2.479776,-0.21076,1.638065561309238,310.0
565.0,93.1,63.8,9.0,8.0,0.03965398064516129,1.2869491514704343,-2.368397,2.448569,-0.1852705,1.6562381184704706,310.0
132.0,105.8,77.8,5.0,5.0,0.30939878387096775,1.6723624214583495,-3.282019,2.90021,0.779717,2.796796068706034,310.0
99.0,117.0,83.0,0.0,1.0,0.30939878387096775,1.6723624214583495,-3.282019,2.90021,0.779717,2.796796068706034,310.0
199.0,119.5,100.0,1.0,16.0,-0.12051802258064515,1.0371838668584972,-1.6012,1.377558,-0.512988,1.0757503736715446,310.0
99.0,119.3,99.7,1.0,1.0,0.30939878387096775,1.6723624214583495,-3.282019,2.90021,0.779717,2.796796068706034,310.0
299.0,117.9,99.9,3.0,4.0,0.30939878387096775,1.6723624214583495,-3.282019,2.90021,0.779717,2.796796068706034,310.0
200.0,119.3,98.7,5.0,2.0,0.30939878387096775,1.6723624214583495,-3.282019,2.90021,0.779717,2.796796068706034,310.0
99.0,119.7,99.0,0.0,0.0,0.30939878387096775,1.6723624214583495,-3.282019,2.90021,0.779717,2.796796068706034,310.0
1131.0,117.4,81.9,13.0,17.0,0.30939878387096775,1.6723624214583495,-3.282019,2.90021,0.779717,2.796796068706034,310.0
533.0,117.3,80.8,13.0,25.0,0.30939878387096775,1.6723624214583495,-3.282019,2.90021,0.779717,2.796796068706034,310.0
194.0,118.3,81.0,7.0,3.0,0.30939878387096775,1.6723624214583495,-3.282019,2.90021,0.779717,2.796796068706034,310.0
233.0,118.3,81.1,4.0,5.0,0.30939878387096775,1.6723624214583495,-3.282019,2.90021,0.779717,2.796796068706034,310.0
67.0,106.5,77.5,1.0,1.0,0.30939878387096775,1.6723624214583495,-3.282019,2.90021,0.779717,2.796796068706034,310.0
199.0,119.0,82.8,4.0,5.0,0.30939878387096775,1.6723624214583495,-3.282019,2.90021,0.779717,2.796796068706034,310.0
100.0,118.3,82.7,3.0,1.0,0.30939878387096775,1.6723624214583495,-3.282019,2.90021,0.779717,2.796796068706034,310.0
201.0,118.7,77.8,2.0,4.0,0.03658868387096774,1.2804299915670907,-2.314879,2.305506,-0.2053375,1.6395009633045,310.0
266.0,115.3,73.9,2.0,5.0,-0.12915955161290324,1.0226060863470487,-1.615404,1.345849,-0.4924535,1.045723207834028,310.0
465.0,117.4,72.9,4.0,10.0,0.30939878387096775,1.6723624214583495,-3.282019,2.90021,0.779717,2.796796068706034,310.0
266.0,109.9,71.5,0.0,1.0,0.30939878387096775,1.6723624214583495,-3.282019,2.90021,0.779717,2.796796068706034,310.0
199.0,118.0,79.2,2.0,8.0,0.30939878387096775,1.6723624214583495,-3.282019,2.90021,0.779717,2.796796068706034,310.0
232.0,119.6,82.4,2.0,5.0,0.30939878387096775,1.6723624214583495,-3.282019,2.90021,0.779717,2.796796068706034,310.0
199.0,118.0,86.0,1.0,7.0,0.30939878387096775,1.6723624214583495,-3.282019,2.90021,0.779717,2.796796068706034,310.0
133.0,107.3,69.0,2.0,7.0,0.30939878387096775,1.6723624214583495,-3.282019,2.90021,0.779717,2.796796068706034,310.0
133.0,107.8,77.0,2.0,4.0,0.30939878387096775,1.6723624214583495,-3.282019,2.90021,0.779717,2.796796068706034,310.0
266.0,106.1,63.8,4.0,4.0,0.30939878387096775,1.6723624214583495,-3.282019,2.90021,0.779717,2.796796068706034,310.0
200.0,107.3,64.0,10.0,5.0,0.30939878387096775,1.6723624214583495,-3.282019,2.90021,0.779717,2.796796068706034,310.0
201.0,117.3,93.0,8.0,5.0,0.30939878387096775,1.6723624214583495,-3.282019,2.90021,0.779717,2.796796068706034,310.0
164.0,112.0,71.0,2.0,14.0,0.30939878387096775,1.6723624214583495,-3.282019,2.90021,0.779717,2.796796068706034,310.0
565.0,112.9,72.4,29.0,16.0,-0.1378010548387097,1.0087001583352644,-1.632891,1.344603,-0.4919505,1.0174760094255872,310.0
732.0,115.8,74.1,27.0,33.0,0.30939878387096775,1.6723624214583495,-3.282019,2.90021,0.779717,2.796796068706034,310.0
299.0,114.3,76.4,14.0,6.0,0.30939878387096775,1.6723624214583495,-3.282019,2.90021,0.779717,2.796796068706034,310.0
299.0,119.6,91.9,1.0,11.0,0.30939878387096775,1.6723624214583495,-3.282019,2.90021,0.779717,2.796796068706034,310.0
166.0,121.4,101.0,2.0,7.0,0.30939878387096775,1.6723624214583495,-3.282019,2.90021,0.779717,2.796796068706034,310.0
133.0,118.8,78.0,4.0,5.0,0.30939878387096775,1.6723624214583495,-3.282019,2.90021,0.779717,2.796796068706034,310.0
232.0,106.1,82.6,5.0,12.0,-0.012553058064516108,1.1880715230966106,-1.820192,1.904056,-0.245705,1.4115139439931,310.0
566.0,118.8,78.8,7.0,14.0,0.30939878387096775,1.6723624214583495,-3.282019,2.90021,0.779717,2.796796068706034,310.0
133.0,120.0,77.3,1.0,2.0,0.30939878387096775,1.6723624214583495,-3.282019,2.90021,0.779717,2.796796068706034,310.0
166.0,120.2,78.4,2.0,3.0,0.30939878387096775,1.6723624214583495,-3.282019,2.90021,0.779717,2.796796068706034,310.0
233.0,119.7,77.9,2.0,7.0,0.30939878387096775,1.6723624214583495,-3.282019,2.90021,0.779717,2.796796068706034,310.0
200.0,120.0,80.5,2.0,7.0,0.30939878387096775,1.6723624214583495,-3.282019,2.90021,0.779717,2.796796068706034,310.0
231.0,119.0,82.9,1.0,7.0,-0.15039981612903225,0.9786151586650863,-1.721843,1.34912,-0.502704,0.957687628769092,310.0
133.0,119.8,82.5,3.0,4.0,0.30939878387096775,1.6723624214583495,-3.282019,2.90021,0.779717,2.796796068706034,310.0
631.0,119.2,76.7,11.0,9.0,0.30939878387096775,1.6723624214583495,-3.282019,2.90021,0.779717,2.796796068706034,310.0
166.0,120.8,101.2,1.0,4.0,0.30939878387096775,1.6723624214583495,-3.282019,2.90021,0.779717,2.796796068706034,310.0
133.0,120.0,99.3,1.0,3.0,0.30939878387096775,1.6723624214583495,-3.282019,2.90021,0.779717,2.796796068706034,310.0
100.0,108.3,74.3,6.0,8.0,0.30939878387096775,1.6723624214583495,-3.282019,2.90021,0.779717,2.796796068706034,310.0
132.0,120.0,100.0,1.0,1.0,0.30939878387096775,1.6723624214583495,-3.282019,2.90021,0.779717,2.796796068706034,310.0
266.0,117.1,76.9,5.0,13.0,0.30939878387096775,1.6723624214583495,-3.282019,2.90021,0.779717,2.796796068706034,310.0
166.0,121.0,101.0,2.0,7.0,0.30939878387096775,1.6723624214583495,-3.282019,2.90021,0.779717,2.796796068706034,310.0
98.0,121.3,100.7,0.0,0.0,0.30939878387096775,1.6723624214583495,-3.282019,2.90021,0.779717,2.796796068706034,310.0
166.0,119.0,99.8,1.0,2.0,0.30939878387096775,1.6723624214583495,-3.282019,2.90021,0.779717,2.796796068706034,310.0
99.0,116.7,99.0,0.0,1.0,0.30939878387096775,1.6723624214583495,-3.282019,2.90021,0.779717,2.796796068706034,310.0
232.0,117.7,100.9,1.0,6.0,-0.15946649677419353,0.9413579702195182,-1.780404,1.369308,-0.510731,0.8861548280958113,310.0
166.0,118.8,102.2,1.0,5.0,0.30939878387096775,1.6723624214583495,-3.282019,2.90021,0.779717,2.796796068706034,310.0
199.0,120.0,102.5,1.0,6.0,0.30939878387096775,1.6723624214583495,-3.282019,2.90021,0.779717,2.796796068706034,310.0
268.0,118.9,102.1,2.0,6.0,0.30939878387096775,1.6723624214583495,-3.282019,2.90021,0.779717,2.796796068706034,310.0
365.0,106.4,69.4,19.0,6.0,0.30939878387096775,1.6723624214583495,-3.282019,2.90021,0.779717,2.796796068706034,310.0
1064.0,117.6,75.6,7.0,19.0,0.30939878387096775,1.6723624214583495,-3.282019,2.90021,0.779717,2.796796068706034,310.0
463.0,118.5,76.5,9.0,15.0,0.30939878387096775,1.6723624214583495,-3.282019,2.90021,0.779717,2.796796068706034,310.0
133.0,119.8,79.3,15.0,3.0,0.30939878387096775,1.6723624214583495,-3.282019,2.90021,0.779717,2.796796068706034,310.0
68.0,118.5,87.0,1.0,6.0,0.30939878387096775,1.6723624214583495,-3.282019,2.90021,0.779717,2.796796068706034,310.0
132.0,120.8,100.0,1.0,10.0,0.30939878387096775,1.6723624214583495,-3.282019,2.90021,0.779717,2.796796068706034,310.0
133.0,121.0,100.5,1.0,3.0,0.30939878387096775,1.6723624214583495,-3.282019,2.90021,0.779717,2.796796068706034,310.0
231.0,118.7,75.9,5.0,8.0,0.30939878387096775,1.6723624214583495,-3.282019,2.90021,0.779717,2.796796068706034,310.0
66.0,118.0,76.5,2.0,0.0,-0.16227328064516128,0.9171149137975491,-1.776109,1.381678,-0.5122415,0.8410997651098858,310.0
232.0,120.3,80.6,3.0,3.0,0.30939878387096775,1.6723624214583495,-3.282019,2.90021,0.779717,2.796796068706034,310.0
99.0,121.0,80.3,2.0,4.0,0.30939878387096775,1.6723624214583495,-3.282019,2.90021,0.779717,2.796796068706034,310.0
233.0,107.4,70.7,1.0,7.0,0.30939878387096775,1.6723624214583495,-3.282019,2.90021,0.779717,2.796796068706034,310.0
100.0,122.3,94.0,1.0,7.0,0.30939878387096775,1.6723624214583495,-3.282019,2.90021,0.779717,2.796796068706034,310.0
199.0,120.7,79.0,3.0,2.0,0.30939878387096775,1.6723624214583495,-3.282019,2.90021,0.779717,2.796796068706034,310.0
532.0,120.3,77.1,6.0,8.0,0.30939878387096775,1.6723624214583495,-3.282019,2.90021,0.779717,2.796796068706034,310.0
166.0,121.0,79.0,1.0,2.0,0.30939878387096775,1.6723624214583495,-3.282019,2.90021,0.779717,2.796796068706034,310.0
132.0,122.0,102.0,1.0,2.0,0.30939878387096775,1.6723624214583495,-3.282019,2.90021,0.779717,2.796796068706034,310.0
233.0,121.3,102.0,1.0,3.0,0.30939878387096775,1.6723624214583495,-3.282019,2.90021,0.779717,2.796796068706034,310.0
565.0,119.3,77.9,4.0,23.0,0.30939878387096775,1.6723624214583495,-3.282019,2.90021,0.779717,2.796796068706034,310.0
266.0,121.5,80.6,5.0,10.0,0.30939878387096775,1.6723624214583495,-3.282019,2.90021,0.779717,2.796796068706034,310.0
134.0,122.5,91.5,5.0,12.0,-0.16374806774193548,0.9032714462029094,-1.768505,1.384166,-0.472842,0.8158993055254955,310.0
204.0,122.8,95.3,2.0,8.0,0.30939878387096775,1.6723624214583495,-3.282019,2.90021,0.779717,2.796796068706034,310.0
133.0,108.5,76.0,4.0,6.0,0.30939878387096775,1.6723624214583495,-3.282019,2.90021,0.779717,2.796796068706034,310.0
199.0,122.2,99.0,1.0,2.0,0.30939878387096775,1.6723624214583495,-3.282019,2.90021,0.779717,2.796796068706034,310.0
66.0,122.0,98.0,0.0,3.0,0.30939878387096775,1.6723624214583495,-3.282019,2.90021,0.779717,2.796796068706034,310.0
166.0,120.2,79.8,2.0,2.0,0.30939878387096775,1.6723624214583495,-3.282019,2.90021,0.779717,2.796796068706034,310.0
432.0,120.5,78.4,3.0,5.0,0.30939878387096775,1.6723624214583495,-3.282019,2.90021,0.779717,2.796796068706034,310.0
299.0,120.2,81.0,3.0,5.0,0.30939878387096775,1.6723624214583495,-3.282019,2.90021,0.779717,2.796796068706034,310.0
399.0,120.0,79.0,4.0,4.0,0.30939878387096775,1.6723624214583495,-3.282019,2.90021,0.779717,2.796796068706034,310.0
99.0,120.3,79.3,1.0,1.0,0.30939878387096775,1.6723624214583495,-3.282019,2.90021,0.779717,2.796796068706034,310.0
366.0,117.2,79.3,4.0,10.0,0.30939878387096775,1.6723624214583495,-3.282019,2.90021,0.779717,2.796796068706034,310.0
365.0,114.1,83.7,5.0,11.0,0.30939878387096775,1.6723624214583495,-3.282019,2.90021,0.779717,2.796796068706034,310.0
233.0,115.7,78.1,4.0,23.0,-0.167300335483871,0.8804250105716046,-1.757089,1.365988,-0.4444015,0.77514819924001,310.0
166.0,110.8,91.6,2.0,7.0,0.30939878387096775,1.6723624214583495,-3.282019,2.90021,0.779717,2.796796068706034,310.0
299.0,116.8,88.3,3.0,9.0,0.30939878387096775,1.6723624214583495,-3.282019,2.90021,0.779717,2.796796068706034,310.0
266.0,117.8,87.6,2.0,3.0,0.30939878387096775,1.6723624214583495,-3.282019,2.90021,0.779717,2.796796068706034,310.0
138.0,120.5,99.0,2.0,1.0,0.30939878387096775,1.6723624214583495,-3.282019,2.90021,0.779717,2.796796068706034,310.0
367.0,119.2,84.0,4.0,9.0,0.30939878387096775,1.6723624214583495,-3.282019,2.90021,0.779717,2.796796068706034,310.0
498.0,121.4,85.1,4.0,6.0,0.30939878387096775,1.6723624214583495,-3.282019,2.90021,0.779717,2.796796068706034,310.0
432.0,116.3,82.2,9.0,13.0,0.30939878387096775,1.6723624214583495,-3.282019,2.90021,0.779717,2.796796068706034,310.0
267.0,116.3,84.4,2.0,3.0,0.30939878387096775,1.6723624214583495,-3.282019,2.90021,0.779717,2.796796068706034,310.0
99.0,117.0,85.0,2.0,8.0,0.30939878387096775,1.6723624214583495,-3.282019,2.90021,0.779717,2.796796068706034,310.0
133.0,119.5,90.5,2.0,6.0,0.30939878387096775,1.6723624214583495,-3.282019,2.90021,0.779717,2.796796068706034,310.0
99.0,120.0,88.7,1.0,3.0,0.30939878387096775,1.6723624214583495,-3.282019,2.90021,0.779717,2.796796068706034,310.0
133.0,112.0,92.3,1.0,1.0,0.30939878387096775,1.6723624214583495,-3.282019,2.90021,0.779717,2.796796068706034,310.0
66.0,119.0,86.5,0.0,1.0,-0.16999964838709675,0.8559211552683302,-1.748079,1.313825,-0.4244255,0.7326010240358731,310.0
133.0,118.3,86.5,2.0,3.0,0.30939878387096775,1.6723624214583495,-3.282019,2.90021,0.779717,2.796796068706034,310.0
97.0,119.3,87.7,1.0,8.0,0.30939878387096775,1.6723624214583495,-3.282019,2.90021,0.779717,2.796796068706034,310.0
166.0,119.4,88.0,2.0,5.0,0.30939878387096775,1.6723624214583495,-3.282019,2.90021,0.779717,2.796796068706034,310.0
133.0,123.5,103.3,1.0,8.0,0.30939878387096775,1.6723624214583495,-3.282019,2.90021,0.779717,2.796796068706034,310.0
66.0,124.0,104.0,0.0,1.0,0.30939878387096775,1.6723624214583495,-3.282019,2.90021,0.779717,2.796796068706034,310.0
199.0,117.3,86.2,4.0,8.0,0.30939878387096775,1.6723624214583495,-3.282019,2.90021,0.779717,2.796796068706034,310.0
298.0,122.6,90.8,2.0,6.0,0.30939878387096775,1.6723624214583495,-3.282019,2.90021,0.779717,2.796796068706034,310.0
265.0,121.5,88.6,3.0,8.0,0.30939878387096775,1.6723624214583495,-3.282019,2.90021,0.779717,2.796796068706034,310.0
366.0,119.9,79.9,2.0,6.0,0.30939878387096775,1.6723624214583495,-3.282019,2.90021,0.779717,2.796796068706034,310.0
399.0,99.4,69.1,15.0,7.0,-0.009006496774193554,1.1973391144232783,-1.851328,1.938958,-0.2487705,1.4336209549279206,310.0
133.0,110.8,74.0,1.0,2.0,0.30939878387096775,1.6723624214583495,-3.282019,2.90021,0.779717,2.796796068706034,310.0
200.0,121.2,81.3,1.0,4.0,0.30939878387096775,1.6723624214583495,-3.282019,2.90021,0.779717,2.796796068706034,310.0
898.0,122.3,90.8,6.0,21.0,-0.17074141290322584,0.831291172733332,-1.740088,1.315251,-0.4064045,0.6910450138643585,310.0
66.0,119.5,89.5,0.0,5.0,0.30939878387096775,1.6723624214583495,-3.282019,2.90021,0.779717,2.796796068706034,310.0
133.0,124.8,87.0,3.0,5.0,0.30939878387096775,1.6723624214583495,-3.282019,2.90021,0.779717,2.796796068706034,310.0
166.0,122.4,85.0,3.0,4.0,0.30939878387096775,1.6723624214583495,-3.282019,2.90021,0.779717,2.796796068706034,310.0
266.0,122.4,85.5,3.0,5.0,0.30939878387096775,1.6723624214583495,-3.282019,2.90021,0.779717,2.796796068706034,310.0
99.0,123.7,86.3,1.0,1.0,0.30939878387096775,1.6723624214583495,-3.282019,2.90021,0.779717,2.796796068706034,310.0
199.0,123.2,86.7,1.0,5.0,0.30939878387096775,1.6723624214583495,-3.282019,2.90021,0.779717,2.796796068706034,310.0
132.0,122.8,86.0,1.0,4.0,0.30939878387096775,1.6723624214583495,-3.282019,2.90021,0.779717,2.796796068706034,310.0
299.0,121.0,89.8,2.0,7.0,0.30939878387096775,1.6723624214583495,-3.282019,2.90021,0.779717,2.796796068706034,310.0
133.0,111.3,74.5,3.0,1.0,0.30939878387096775,1.6723624214583495,-3.282019,2.90021,0.779717,2.796796068706034,310.0
233.0,121.6,81.6,5.0,10.0,0.30939878387096775,1.6723624214583495,-3.282019,2.90021,0.779717,2.796796068706034,310.0
465.0,121.1,77.8,6.0,8.0,0.30939878387096775,1.6723624214583495,-3.282019,2.90021,0.779717,2.796796068706034,310.0
299.0,124.8,94.4,3.0,13.0,-0.1518768612903226,0.7902097239469242,-1.753479,1.28037,-0.330619,0.6244314078202743,310.0
266.0,120.9,80.3,7.0,12.0,0.30939878387096775,1.6723624214583495,-3.282019,2.90021,0.779717,2.796796068706034,310.0
366.0,121.7,78.9,4.0,7.0,0.30939878387096775,1.6723624214583495,-3.282019,2.90021,0.779717,2.796796068706034,310.0
99.0,124.0,86.0,2.0,6.0,0.30939878387096775,1.6723624214583495,-3.282019,2.90021,0.779717,2.796796068706034,310.0
99.0,124.0,89.3,1.0,2.0,0.30939878387096775,1.6723624214583495,-3.282019,2.90021,0.779717,2.796796068706034,310.0
366.0,123.4,89.7,18.0,7.0,0.30939878387096775,1.6723624214583495,-3.282019,2.90021,0.779717,2.796796068706034,310.0
133.0,123.8,90.8,1.0,2.0,0.30939878387096775,1.6723624214583495,-3.282019,2.90021,0.779717,2.796796068706034,310.0
498.0,123.3,89.7,7.0,9.0,0.30939878387096775,1.6723624214583495,-3.282019,2.90021,0.779717,2.796796068706034,310.0
435.0,112.8,82.8,6.0,10.0,0.30939878387096775,1.6723624214583495,-3.282019,2.90021,0.779717,2.796796068706034,310.0
65.0,123.0,85.0,4.0,3.0,0.30939878387096775,1.6723624214583495,-3.282019,2.90021,0.779717,2.796796068706034,310.0
133.0,123.0,83.8,12.0,2.0,0.30939878387096775,1.6723624214583495,-3.282019,2.90021,0.779717,2.796796068706034,310.0
199.0,122.0,84.8,13.0,5.0,0.30939878387096775,1.6723624214583495,-3.282019,2.90021,0.779717,2.796796068706034,310.0
665.0,120.7,87.1,36.0,18.0,0.030482561290322556,1.270386269825818,-2.24377,2.20851,-0.205648,1.613881274561956,310.0
167.0,124.2,101.6,3.0,7.0,-0.11219856774193551,0.7594644353580889,-1.694011,1.208199,-0.2283615,0.5767862285737809,310.0
132.0,124.5,101.8,1.0,4.0,0.30939878387096775,1.6723624214583495,-3.282019,2.90021,0.779717,2.796796068706034,310.0
831.0,117.8,84.0,30.0,22.0,0.30939878387096775,1.6723624214583495,-3.282019,2.90021,0.779717,2.796796068706034,310.0
499.0,120.2,85.7,6.0,7.0,0.30939878387096775,1.6723624214583495,-3.282019,2.90021,0.779717,2.796796068706034,310.0
133.0,120.5,86.0,1.0,3.0,0.30939878387096775,1.6723624214583495,-3.282019,2.90021,0.779717,2.796796068706034,310.0
66.0,121.5,86.5,0.0,6.0,0.30939878387096775,1.6723624214583495,-3.282019,2.90021,0.779717,2.796796068706034,310.0
299.0,109.0,74.1,6.0,10.0,0.30939878387096775,1.6723624214583495,-3.282019,2.90021,0.779717,2.796796068706034,310.0
99.0,118.0,83.3,1.0,4.0,0.30939878387096775,1.6723624214583495,-3.282019,2.90021,0.779717,2.796796068706034,310.0
99.0,116.0,88.7,0.0,2.0,0.30939878387096775,1.6723624214583495,-3.282019,2.90021,0.779717,2.796796068706034,310.0
199.0,115.8,80.7,1.0,7.0,0.30939878387096775,1.6723624214583495,-3.282019,2.90021,0.779717,2.796796068706034,310.0
99.0,122.0,92.7,0.0,1.0,0.30939878387096775,1.6723624214583495,-3.282019,2.90021,0.779717,2.796796068706034,310.0
531.0,121.0,84.8,6.0,3.0,0.30939878387096775,1.6723624214583495,-3.282019,2.90021,0.779717,2.796796068706034,310.0
299.0,119.6,85.0,2.0,6.0,-0.0812241,0.742160394871638,-1.556903,1.249708,-0.17316749999999997,0.5508020517160256,310.0
300.0,121.0,85.6,2.0,4.0,0.30939878387096775,1.6723624214583495,-3.282019,2.90021,0.779717,2.796796068706034,310.0
199.0,121.7,86.7,2.0,7.0,0.30939878387096775,1.6723624214583495,-3.282019,2.90021,0.779717,2.796796068706034,310.0
233.0,121.3,85.3,2.0,3.0,0.30939878387096775,1.6723624214583495,-3.282019,2.90021,0.779717,2.796796068706034,310.0
232.0,115.1,80.9,3.0,1.0,0.30939878387096775,1.6723624214583495,-3.282019,2.90021,0.779717,2.796796068706034,310.0
200.0,111.7,92.8,1.0,10.0,-0.016117493548387096,1.1789776183426477,-1.7889,1.868978,-0.2505005,1.3899882245529016,310.0
266.0,116.1,77.5,7.0,10.0,0.30939878387096775,1.6723624214583495,-3.282019,2.90021,0.779717,2.796796068706034,310.0
66.0,115.5,74.0,11.0,1.0,0.30939878387096775,1.6723624214583495,-3.282019,2.90021,0.779717,2.796796068706034,310.0
166.0,110.2,68.4,2.0,13.0,0.30939878387096775,1.6723624214583495,-3.282019,2.90021,0.779717,2.796796068706034,310.0
166.0,117.2,78.6,5.0,7.0,0.30939878387096775,1.6723624214583495,-3.282019,2.90021,0.779717,2.796796068706034,310.0
133.0,121.5,83.0,2.0,14.0,0.30939878387096775,1.6723624214583495,-3.282019,2.90021,0.779717,2.796796068706034,310.0
665.0,120.1,83.1,5.0,8.0,0.30939878387096775,1.6723624214583495,-3.282019,2.90021,0.779717,2.796796068706034,310.0
133.0,123.3,101.0,1.0,6.0,-0.03635136129032258,0.7220939403177972,-1.48446,1.305208,-0.10585449999999999,0.5214196586436823,310.0
66.0,123.5,101.5,0.0,0.0,0.30939878387096775,1.6723624214583495,-3.282019,2.90021,0.779717,2.796796068706034,310.0
332.0,120.5,82.7,2.0,16.0,0.30939878387096775,1.6723624214583495,-3.282019,2.90021,0.779717,2.796796068706034,310.0
232.0,118.3,78.3,3.0,12.0,0.30939878387096775,1.6723624214583495,-3.282019,2.90021,0.779717,2.796796068706034,310.0
100.0,110.7,77.0,1.0,1.0,0.30939878387096775,1.6723624214583495,-3.282019,2.90021,0.779717,2.796796068706034,310.0
133.0,119.5,79.5,4.0,6.0,0.30939878387096775,1.6723624214583495,-3.282019,2.90021,0.779717,2.796796068706034,310.0
99.0,120.3,73.3,8.0,6.0,0.30939878387096775,1.6723624214583495,-3.282019,2.90021,0.779717,2.796796068706034,310.0
199.0,123.3,101.8,2.0,8.0,0.30939878387096775,1.6723624214583495,-3.282019,2.90021,0.779717,2.796796068706034,310.0
132.0,120.3,89.3,4.0,7.0,0.30939878387096775,1.6723624214583495,-3.282019,2.90021,0.779717,2.796796068706034,310.0
166.0,119.8,90.2,19.0,16.0,0.30939878387096775,1.6723624214583495,-3.282019,2.90021,0.779717,2.796796068706034,310.0
233.0,120.9,89.0,24.0,21.0,0.30939878387096775,1.6723624214583495,-3.282019,2.90021,0.779717,2.796796068706034,310.0
233.0,121.4,89.4,4.0,7.0,0.30939878387096775,1.6723624214583495,-3.282019,2.90021,0.779717,2.796796068706034,310.0
166.0,118.2,78.8,14.0,8.0,-0.004284119354838722,0.709488084189349,-1.472955,1.328967,-0.050603499999999996,0.5033733416066729,310.0
266.0,116.1,73.8,10.0,9.0,0.30939878387096775,1.6723624214583495,-3.282019,2.90021,0.779717,2.796796068706034,310.0
236.0,113.9,76.0,5.0,6.0,0.30939878387096775,1.6723624214583495,-3.282019,2.90021,0.779717,2.796796068706034,310.0
399.0,110.8,74.8,3.0,6.0,0.30939878387096775,1.6723624214583495,-3.282019,2.90021,0.779717,2.796796068706034,310.0
365.0,123.8,88.3,3.0,24.0,0.30939878387096775,1.6723624214583495,-3.282019,2.90021,0.779717,2.796796068706034,310.0
366.0,123.7,101.2,4.0,30.0,0.30939878387096775,1.6723624214583495,-3.282019,2.90021,0.779717,2.796796068706034,310.0
1031.0,114.1,81.2,16.0,47.0,0.30939878387096775,1.6723624214583495,-3.282019,2.90021,0.779717,2.796796068706034,310.0
432.0,119.8,86.2,9.0,16.0,0.30939878387096775,1.6723624214583495,-3.282019,2.90021,0.779717,2.796796068706034,310.0
199.0,121.2,88.7,1.0,3.0,0.30939878387096775,1.6723624214583495,-3.282019,2.90021,0.779717,2.796796068706034,310.0
465.0,122.5,83.8,11.0,7.0,0.30939878387096775,1.6723624214583495,-3.282019,2.90021,0.779717,2.796796068706034,310.0
199.0,123.3,85.3,1.0,3.0,0.30939878387096775,1.6723624214583495,-3.282019,2.90021,0.779717,2.796796068706034,310.0
233.0,121.0,80.9,9.0,9.0,0.30939878387096775,1.6723624214583495,-3.282019,2.90021,0.779717,2.796796068706034,310.0
233.0,121.6,83.4,2.0,2.0,0.023822635483870966,0.7005002343452253,-1.448743,1.414429,-0.003284500000000001,0.49070057831771563,310.0
166.0,122.4,100.8,2.0,6.0,0.30939878387096775,1.6723624214583495,-3.282019,2.90021,0.779717,2.796796068706034,310.0
166.0,110.0,77.0,6.0,5.0,0.30939878387096775,1.6723624214583495,-3.282019,2.90021,0.779717,2.796796068706034,310.0
166.0,122.6,101.0,1.0,3.0,0.30939878387096775,1.6723624214583495,-3.282019,2.90021,0.779717,2.796796068706034,310.0
199.0,120.0,100.5,1.0,1.0,0.30939878387096775,1.6723624214583495,-3.282019,2.90021,0.779717,2.796796068706034,310.0
130.0,121.5,102.8,2.0,1.0,0.30939878387096775,1.6723624214583495,-3.282019,2.90021,0.779717,2.796796068706034,310.0
233.0,120.7,83.6,3.0,4.0,0.30939878387096775,1.6723624214583495,-3.282019,2.90021,0.779717,2.796796068706034,310.0
366.0,122.0,85.9,4.0,4.0,0.30939878387096775,1.6723624214583495,-3.282019,2.90021,0.779717,2.796796068706034,310.0
500.0,114.1,73.3,5.0,9.0,0.30939878387096775,1.6723624214583495,-3.282019,2.90021,0.779717,2.796796068706034,310.0
432.0,112.4,78.0,4.0,5.0,0.30939878387096775,1.6723624214583495,-3.282019,2.90021,0.779717,2.796796068706034,310.0
133.0,113.8,87.5,1.0,8.0,0.30939878387096775,1.6723624214583495,-3.282019,2.90021,0.779717,2.796796068706034,310.0
365.0,118.5,98.5,2.0,6.0,0.30939878387096775,1.6723624214583495,-3.282019,2.90021,0.779717,2.796796068706034,310.0
199.0,116.7,80.3,5.0,8.0,0.0617705741935484,0.691437342983664,-1.424916,1.533223,0.0402975,0.478085599272309,310.0
432.0,113.0,75.8,6.0,9.0,0.30939878387096775,1.6723624214583495,-3.282019,2.90021,0.779717,2.796796068706034,310.0
165.0,103.8,84.2,1.0,10.0,0.30939878387096775,1.6723624214583495,-3.282019,2.90021,0.779717,2.796796068706034,310.0
233.0,95.9,65.3,2.0,21.0,0.30939878387096775,1.6723624214583495,-3.282019,2.90021,0.779717,2.796796068706034,310.0
466.0,99.9,82.8,3.0,8.0,0.30939878387096775,1.6723624214583495,-3.282019,2.90021,0.779717,2.796796068706034,310.0
133.0,111.8,93.0,0.0,1.0,0.30939878387096775,1.6723624214583495,-3.282019,2.90021,0.779717,2.796796068706034,310.0
133.0,109.8,91.3,0.0,6.0,0.30939878387096775,1.6723624214583495,-3.282019,2.90021,0.779717,2.796796068706034,310.0
136.0,109.3,92.0,2.0,3.0,0.30939878387096775,1.6723624214583495,-3.282019,2.90021,0.779717,2.796796068706034,310.0
266.0,111.8,78.6,10.0,8.0,0.30939878387096775,1.6723624214583495,-3.282019,2.90021,0.779717,2.796796068706034,310.0
299.0,114.0,78.2,4.0,12.0,0.30939878387096775,1.6723624214583495,-3.282019,2.90021,0.779717,2.796796068706034,310.0
133.0,115.5,82.0,5.0,7.0,0.30939878387096775,1.6723624214583495,-3.282019,2.90021,0.779717,2.796796068706034,310.0
66.0,116.5,92.5,0.0,6.0,0.30939878387096775,1.6723624214583495,-3.282019,2.90021,0.779717,2.796796068706034,310.0
625.0,105.9,89.3,11.0,18.0,0.30939878387096775,1.6723624214583495,-3.282019,2.90021,0.779717,2.796796068706034,310.0
199.0,114.2,91.3,5.0,13.0,0.09204023225806453,0.686586686292038,-1.405915,1.617011,0.09158849999999999,0.47140127779348145,310.0
166.0,117.0,80.6,0.0,14.0,0.30939878387096775,1.6723624214583495,-3.282019,2.90021,0.779717,2.796796068706034,310.0
266.0,113.1,79.5,15.0,15.0,0.30939878387096775,1.6723624214583495,-3.282019,2.90021,0.779717,2.796796068706034,310.0
199.0,115.5,82.0,5.0,10.0,0.30939878387096775,1.6723624214583495,-3.282019,2.90021,0.779717,2.796796068706034,310.0
233.0,116.6,80.6,7.0,5.0,0.30939878387096775,1.6723624214583495,-3.282019,2.90021,0.779717,2.796796068706034,310.0
266.0,119.5,99.9,2.0,14.0,0.30939878387096775,1.6723624214583495,-3.282019,2.90021,0.779717,2.796796068706034,310.0
165.0,119.2,98.8,2.0,8.0,0.30939878387096775,1.6723624214583495,-3.282019,2.90021,0.779717,2.796796068706034,310.0
166.0,118.2,98.4,2.0,3.0,0.30939878387096775,1.6723624214583495,-3.282019,2.90021,0.779717,2.796796068706034,310.0
166.0,117.6,82.8,1.0,4.0,0.30939878387096775,1.6723624214583495,-3.282019,2.90021,0.779717,2.796796068706034,310.0
665.0,118.4,84.0,13.0,16.0,0.30939878387096775,1.6723624214583495,-3.282019,2.90021,0.779717,2.796796068706034,310.0
66.0,100.5,70.0,1.0,1.0,0.30939878387096775,1.6723624214583495,-3.282019,2.90021,0.779717,2.796796068706034,310.0
133.0,111.5,73.3,0.0,9.0,0.30939878387096775,1.6723624214583495,-3.282019,2.90021,0.779717,2.796796068706034,310.0
166.0,119.4,94.4,3.0,4.0,0.30939878387096775,1.6723624214583495,-3.282019,2.90021,0.779717,2.796796068706034,310.0
266.0,120.9,96.3,2.0,5.0,0.10655675161290322,0.6856896346353744,-1.390787,1.653519,0.13441999999999998,0.4701702750463932,310.0
166.0,120.4,99.0,1.0,6.0,0.30939878387096775,1.6723624214583495,-3.282019,2.90021,0.779717,2.796796068706034,310.0
199.0,120.8,101.0,1.0,1.0,0.30939878387096775,1.6723624214583495,-3.282019,2.90021,0.779717,2.796796068706034,310.0
133.0,118.5,77.8,5.0,7.0,0.30939878387096775,1.6723624214583495,-3.282019,2.90021,0.779717,2.796796068706034,310.0
366.0,119.9,78.0,4.0,16.0,0.30939878387096775,1.6723624214583495,-3.282019,2.90021,0.779717,2.796796068706034,310.0
166.0,120.6,79.8,2.0,4.0,0.30939878387096775,1.6723624214583495,-3.282019,2.90021,0.779717,2.796796068706034,310.0
599.0,121.2,79.9,24.0,12.0,0.30939878387096775,1.6723624214583495,-3.282019,2.90021,0.779717,2.796796068706034,310.0
100.0,120.0,79.0,8.0,5.0,0.30939878387096775,1.6723624214583495,-3.282019,2.90021,0.779717,2.796796068706034,310.0
133.0,117.3,77.8,13.0,7.0,0.30939878387096775,1.6723624214583495,-3.282019,2.90021,0.779717,2.796796068706034,310.0
332.0,113.0,75.1,1.0,8.0,0.30939878387096775,1.6723624214583495,-3.282019,2.90021,0.779717,2.796796068706034,310.0
266.0,119.4,76.0,63.0,21.0,0.30939878387096775,1.6723624214583495,-3.282019,2.90021,0.779717,2.796796068706034,310.0
199.0,119.0,77.5,52.0,4.0,0.30939878387096775,1.6723624214583495,-3.282019,2.90021,0.779717,2.796796068706034,310.0
133.0,119.0,82.5,3.0,8.0,0.1495975290322581,0.6889222068384584,-1.326044,1.822396,0.1875945,0.4746138070751717,310.0
167.0,117.2,85.8,11.0,3.0,0.30939878387096775,1.6723624214583495,-3.282019,2.90021,0.779717,2.796796068706034,310.0
232.0,119.6,84.9,10.0,3.0,0.30939878387096775,1.6723624214583495,-3.282019,2.90021,0.779717,2.796796068706034,310.0
133.0,114.0,91.8,10.0,10.0,0.30939878387096775,1.6723624214583495,-3.282019,2.90021,0.779717,2.796796068706034,310.0
133.0,116.0,93.8,5.0,1.0,0.30939878387096775,1.6723624214583495,-3.282019,2.90021,0.779717,2.796796068706034,310.0
365.0,120.9,100.3,3.0,17.0,0.30939878387096775,1.6723624214583495,-3.282019,2.90021,0.779717,2.796796068706034,310.0
698.0,117.7,98.7,9.0,32.0,0.30939878387096775,1.6723624214583495,-3.282019,2.90021,0.779717,2.796796068706034,310.0
133.0,117.3,92.0,1.0,6.0,0.30939878387096775,1.6723624214583495,-3.282019,2.90021,0.779717,2.796796068706034,310.0
266.0,114.1,75.9,3.0,11.0,0.30939878387096775,1.6723624214583495,-3.282019,2.90021,0.779717,2.796796068706034,310.0
366.0,119.4,87.0,9.0,6.0,0.30939878387096775,1.6723624214583495,-3.282019,2.90021,0.779717,2.796796068706034,310.0
200.0,121.0,81.8,1.0,7.0,0.30939878387096775,1.6723624214583495,-3.282019,2.90021,0.779717,2.796796068706034,310.0
66.0,122.0,84.0,2.0,1.0,0.30939878387096775,1.6723624214583495,-3.282019,2.90021,0.779717,2.796796068706034,310.0
399.0,119.3,91.6,16.0,27.0,0.21094300322580645,0.6996947251954609,-1.18775,2.17222,0.256999,0.4895727084663516,310.0
266.0,122.4,92.6,8.0,9.0,0.30939878387096775,1.6723624214583495,-3.282019,2.90021,0.779717,2.796796068706034,310.0
399.0,120.4,89.8,31.0,9.0,0.30939878387096775,1.6723624214583495,-3.282019,2.90021,0.779717,2.796796068706034,310.0
266.0,118.5,91.4,20.0,7.0,0.30939878387096775,1.6723624214583495,-3.282019,2.90021,0.779717,2.796796068706034,310.0
133.0,119.3,92.0,3.0,6.0,0.30939878387096775,1.6723624214583495,-3.282019,2.90021,0.779717,2.796796068706034,310.0
432.0,121.5,87.7,23.0,11.0,0.30939878387096775,1.6723624214583495,-3.282019,2.90021,0.779717,2.796796068706034,310.0
233.0,122.9,82.3,13.0,27.0,0.30939878387096775,1.6723624214583495,-3.282019,2.90021,0.779717,2.796796068706034,310.0
199.0,116.2,91.5,2.0,18.0,0.30939878387096775,1.6723624214583495,-3.282019,2.90021,0.779717,2.796796068706034,310.0
131.0,122.0,81.3,5.0,4.0,0.30939878387096775,1.6723624214583495,-3.282019,2.90021,0.779717,2.796796068706034,310.0
133.0,122.0,84.0,0.0,1.0,0.30939878387096775,1.6723624214583495,-3.282019,2.90021,0.779717,2.796796068706034,310.0
199.0,122.2,87.2,9.0,19.0,0.30939878387096775,1.6723624214583495,-3.282019,2.90021,0.779717,2.796796068706034,310.0
232.0,122.9,83.9,17.0,22.0,0.30939878387096775,1.6723624214583495,-3.282019,2.90021,0.779717,2.796796068706034,310.0
166.0,122.6,83.4,11.0,4.0,0.026264399999999983,1.2632565234109694,-2.186975,2.158188,-0.218362,1.595817043940369,310.0
66.0,122.0,85.5,0.0,1.0,0.240547935483871,0.7086990464566627,-1.095972,2.336485,0.257635,0.5022543384485829,310.0
66.0,123.0,86.0,0.0,2.0,0.30939878387096775,1.6723624214583495,-3.282019,2.90021,0.779717,2.796796068706034,310.0
267.0,123.6,86.9,19.0,27.0,0.30939878387096775,1.6723624214583495,-3.282019,2.90021,0.779717,2.796796068706034,310.0
199.0,123.5,87.2,2.0,6.0,0.30939878387096775,1.6723624214583495,-3.282019,2.90021,0.779717,2.796796068706034,310.0
266.0,124.5,85.0,8.0,30.0,0.30939878387096775,1.6723624214583495,-3.282019,2.90021,0.779717,2.796796068706034,310.0
199.0,116.5,96.2,1.0,6.0,0.30939878387096775,1.6723624214583495,-3.282019,2.90021,0.779717,2.796796068706034,310.0
100.0,124.0,82.3,1.0,1.0,0.30939878387096775,1.6723624214583495,-3.282019,2.90021,0.779717,2.796796068706034,310.0
232.0,124.6,83.0,9.0,7.0,0.30939878387096775,1.6723624214583495,-3.282019,2.90021,0.779717,2.796796068706034,310.0
199.0,124.2,82.8,17.0,3.0,0.30939878387096775,1.6723624214583495,-3.282019,2.90021,0.779717,2.796796068706034,310.0
166.0,124.2,84.6,3.0,3.0,0.30939878387096775,1.6723624214583495,-3.282019,2.90021,0.779717,2.796796068706034,310.0
159.0,123.4,85.0,3.0,2.0,0.30939878387096775,1.6723624214583495,-3.282019,2.90021,0.779717,2.796796068706034,310.0
798.0,123.5,82.3,8.0,14.0,0.30939878387096775,1.6723624214583495,-3.282019,2.90021,0.779717,2.796796068706034,310.0
199.0,122.8,81.7,1.0,2.0,0.2569234129032258,0.7131446796556039,-1.025426,2.412573,0.2435195,0.5085753341210939,310.0
332.0,122.4,80.8,3.0,6.0,0.30939878387096775,1.6723624214583495,-3.282019,2.90021,0.779717,2.796796068706034,310.0
363.0,122.9,82.4,3.0,8.0,0.30939878387096775,1.6723624214583495,-3.282019,2.90021,0.779717,2.796796068706034,310.0
232.0,123.0,82.4,2.0,4.0,0.30939878387096775,1.6723624214583495,-3.282019,2.90021,0.779717,2.796796068706034,310.0
332.0,116.4,96.6,1.0,3.0,-0.026048729032258057,1.1602121256083933,-1.721403,1.788104,-0.28052900000000003,1.346092176408746,310.0
99.0,124.3,90.0,0.0,2.0,0.30939878387096775,1.6723624214583495,-3.282019,2.90021,0.779717,2.796796068706034,310.0
232.0,125.0,91.4,4.0,3.0,0.30939878387096775,1.6723624214583495,-3.282019,2.90021,0.779717,2.796796068706034,310.0
437.0,124.8,92.7,28.0,5.0,0.30939878387096775,1.6723624214583495,-3.282019,2.90021,0.779717,2.796796068706034,310.0
165.0,124.6,93.6,14.0,12.0,0.30939878387096775,1.6723624214583495,-3.282019,2.90021,0.779717,2.796796068706034,310.0
99.0,124.3,93.0,2.0,9.0,0.30939878387096775,1.6723624214583495,-3.282019,2.90021,0.779717,2.796796068706034,310.0
99.0,123.7,90.7,0.0,9.0,0.30939878387096775,1.6723624214583495,-3.282019,2.90021,0.779717,2.796796068706034,310.0
199.0,123.2,87.0,5.0,5.0,0.30939878387096775,1.6723624214583495,-3.282019,2.90021,0.779717,2.796796068706034,310.0
199.0,123.2,88.3,5.0,9.0,0.263318664516129,0.7107558917916649,-1.028109,2.396441,0.226008,0.5051739377165648,310.0
230.0,124.6,91.7,29.0,7.0,0.30939878387096775,1.6723624214583495,-3.282019,2.90021,0.779717,2.796796068706034,310.0
133.0,124.0,93.5,16.0,16.0,0.30939878387096775,1.6723624214583495,-3.282019,2.90021,0.779717,2.796796068706034,310.0
99.0,117.0,96.0,0.0,0.0,0.30939878387096775,1.6723624214583495,-3.282019,2.90021,0.779717,2.796796068706034,310.0
864.0,124.3,92.5,20.0,61.0,0.30939878387096775,1.6723624214583495,-3.282019,2.90021,0.779717,2.796796068706034,310.0
432.0,124.5,91.2,22.0,7.0,0.30939878387096775,1.6723624214583495,-3.282019,2.90021,0.779717,2.796796068706034,310.0
133.0,124.5,92.3,5.0,11.0,0.30939878387096775,1.6723624214583495,-3.282019,2.90021,0.779717,2.796796068706034,310.0
99.0,123.7,93.7,5.0,9.0,0.30939878387096775,1.6723624214583495,-3.282019,2.90021,0.779717,2.796796068706034,310.0
200.0,123.7,94.7,7.0,37.0,0.30939878387096775,1.6723624214583495,-3.282019,2.90021,0.779717,2.796796068706034,310.0
133.0,124.0,90.3,1.0,25.0,0.30939878387096775,1.6723624214583495,-3.282019,2.90021,0.779717,2.796796068706034,310.0
266.0,122.4,83.5,4.0,23.0,0.30939878387096775,1.6723624214583495,-3.282019,2.90021,0.779717,2.796796068706034,310.0
203.0,122.5,84.5,7.0,12.0,0.30939878387096775,1.6723624214583495,-3.282019,2.90021,0.779717,2.796796068706034,310.0
99.0,123.7,89.0,11.0,0.0,0.26459273548387097,0.7080046186578945,-1.070887,2.357763,0.22245150000000002,0.5012705400409107,310.0
66.0,125.0,92.0,5.0,2.0,0.30939878387096775,1.6723624214583495,-3.282019,2.90021,0.779717,2.796796068706034,310.0
100.0,116.3,97.3,0.0,5.0,0.30939878387096775,1.6723624214583495,-3.282019,2.90021,0.779717,2.796796068706034,310.0
432.0,124.6,93.2,41.0,60.0,0.30939878387096775,1.6723624214583495,-3.282019,2.90021,0.779717,2.796796068706034,310.0
532.0,124.3,87.4,24.0,30.0,0.30939878387096775,1.6723624214583495,-3.282019,2.90021,0.779717,2.796796068706034,310.0
499.0,124.2,86.3,11.0,5.0,0.30939878387096775,1.6723624214583495,-3.282019,2.90021,0.779717,2.796796068706034,310.0
332.0,124.5,88.8,3.0,6.0,0.30939878387096775,1.6723624214583495,-3.282019,2.90021,0.779717,2.796796068706034,310.0
233.0,123.4,87.3,4.0,8.0,0.30939878387096775,1.6723624214583495,-3.282019,2.90021,0.779717,2.796796068706034,310.0
299.0,124.0,87.4,2.0,5.0,0.30939878387096775,1.6723624214583495,-3.282019,2.90021,0.779717,2.796796068706034,310.0
299.0,124.7,89.7,5.0,3.0,0.30939878387096775,1.6723624214583495,-3.282019,2.90021,0.779717,2.796796068706034,310.0
199.0,123.3,87.3,1.0,3.0,0.30939878387096775,1.6723624214583495,-3.282019,2.90021,0.779717,2.796796068706034,310.0
266.0,122.4,86.3,2.0,5.0,0.30939878387096775,1.6723624214583495,-3.282019,2.90021,0.779717,2.796796068706034,310.0
133.0,123.8,87.0,2.0,2.0,0.2618258612903226,0.7035889755546272,-1.106451,2.325224,0.2117225,0.49503744652200976,310.0
465.0,114.3,75.1,15.0,8.0,0.30939878387096775,1.6723624214583495,-3.282019,2.90021,0.779717,2.796796068706034,310.0
365.0,123.6,86.7,4.0,6.0,0.30939878387096775,1.6723624214583495,-3.282019,2.90021,0.779717,2.796796068706034,310.0
300.0,122.1,89.7,7.0,4.0,0.30939878387096775,1.6723624214583495,-3.282019,2.90021,0.779717,2.796796068706034,310.0
132.0,122.3,89.8,4.0,4.0,0.30939878387096775,1.6723624214583495,-3.282019,2.90021,0.779717,2.796796068706034,310.0
66.0,121.0,93.0,3.0,2.0,0.30939878387096775,1.6723624214583495,-3.282019,2.90021,0.779717,2.796796068706034,310.0
232.0,121.0,89.1,10.0,74.0,0.30939878387096775,1.6723624214583495,-3.282019,2.90021,0.779717,2.796796068706034,310.0
299.0,124.0,92.1,21.0,126.0,0.30939878387096775,1.6723624214583495,-3.282019,2.90021,0.779717,2.796796068706034,310.0
166.0,123.0,96.6,13.0,27.0,0.30939878387096775,1.6723624214583495,-3.282019,2.90021,0.779717,2.796796068706034,310.0
200.0,123.0,94.2,17.0,66.0,0.30939878387096775,1.6723624214583495,-3.282019,2.90021,0.779717,2.796796068706034,310.0
299.0,119.7,84.4,18.0,61.0,0.30939878387096775,1.6723624214583495,-3.282019,2.90021,0.779717,2.796796068706034,310.0
266.0,120.5,87.6,17.0,13.0,0.30939878387096775,1.6723624214583495,-3.282019,2.90021,0.779717,2.796796068706034,310.0
433.0,115.2,76.9,11.0,4.0,0.30939878387096775,1.6723624214583495,-3.282019,2.90021,0.779717,2.796796068706034,310.0
99.0,120.3,88.0,6.0,1.0,0.2583184322580645,0.6996668215575276,-1.141373,2.293194,0.2007845,0.4895336611884132,310.0
166.0,124.2,86.8,16.0,11.0,0.30939878387096775,1.6723624214583495,-3.282019,2.90021,0.779717,2.796796068706034,310.0
166.0,125.2,85.8,10.0,12.0,0.30939878387096775,1.6723624214583495,-3.282019,2.90021,0.779717,2.796796068706034,310.0
266.0,125.8,83.0,3.0,20.0,0.30939878387096775,1.6723624214583495,-3.282019,2.90021,0.779717,2.796796068706034,310.0
199.0,115.0,84.0,4.0,11.0,0.30939878387096775,1.6723624214583495,-3.282019,2.90021,0.779717,2.796796068706034,310.0
266.0,123.6,81.9,28.0,53.0,0.30939878387096775,1.6723624214583495,-3.282019,2.90021,0.779717,2.796796068706034,310.0
632.0,124.1,81.5,5.0,10.0,0.30939878387096775,1.6723624214583495,-3.282019,2.90021,0.779717,2.796796068706034,310.0
699.0,123.8,80.7,5.0,7.0,0.30939878387096775,1.6723624214583495,-3.282019,2.90021,0.779717,2.796796068706034,310.0
199.0,122.8,84.2,1.0,4.0,0.30939878387096775,1.6723624214583495,-3.282019,2.90021,0.779717,2.796796068706034,310.0
901.0,120.1,87.7,6.0,14.0,0.30939878387096775,1.6723624214583495,-3.282019,2.90021,0.779717,2.796796068706034,310.0
233.0,97.7,76.9,5.0,14.0,0.30939878387096775,1.6723624214583495,-3.282019,2.90021,0.779717,2.796796068706034,310.0
99.0,116.0,92.7,0.0,7.0,0.30939878387096775,1.6723624214583495,-3.282019,2.90021,0.779717,2.796796068706034,310.0
199.0,124.5,86.5,1.0,13.0,0.30939878387096775,1.6723624214583495,-3.282019,2.90021,0.779717,2.796796068706034,310.0
432.0,121.0,84.2,5.0,3.0,0.2451825870967742,0.6902338124922297,-1.191261,2.230827,0.1758905,0.4764227159075585,310.0
166.0,119.2,86.8,7.0,15.0,0.30939878387096775,1.6723624214583495,-3.282019,2.90021,0.779717,2.796796068706034,310.0
66.0,118.0,87.0,1.0,1.0,0.30939878387096775,1.6723624214583495,-3.282019,2.90021,0.779717,2.796796068706034,310.0
99.0,118.0,87.0,3.0,1.0,0.30939878387096775,1.6723624214583495,-3.282019,2.90021,0.779717,2.796796068706034,310.0
332.0,123.0,87.3,2.0,28.0,0.30939878387096775,1.6723624214583495,-3.282019,2.90021,0.779717,2.796796068706034,310.0
399.0,124.8,85.9,6.0,10.0,0.30939878387096775,1.6723624214583495,-3.282019,2.90021,0.779717,2.796796068706034,310.0
631.0,123.5,87.6,7.0,12.0,0.30939878387096775,1.6723624214583495,-3.282019,2.90021,0.779717,2.796796068706034,310.0
199.0,124.0,87.2,0.0,5.0,0.30939878387096775,1.6723624214583495,-3.282019,2.90021,0.779717,2.796796068706034,310.0
233.0,122.7,85.9,12.0,5.0,0.30939878387096775,1.6723624214583495,-3.282019,2.90021,0.779717,2.796796068706034,310.0
299.0,115.8,77.7,5.0,5.0,0.30939878387096775,1.6723624214583495,-3.282019,2.90021,0.779717,2.796796068706034,310.0
565.0,122.9,84.8,16.0,12.0,0.30939878387096775,1.6723624214583495,-3.282019,2.90021,0.779717,2.796796068706034,310.0
133.0,123.0,82.8,2.0,3.0,0.30939878387096775,1.6723624214583495,-3.282019,2.90021,0.779717,2.796796068706034,310.0
533.0,123.5,83.1,20.0,13.0,0.16235527096774194,0.6436982142214331,-1.307142,2.029734,0.070934,0.414347390991862,310.0
532.0,124.3,83.1,4.0,12.0,0.30939878387096775,1.6723624214583495,-3.282019,2.90021,0.779717,2.796796068706034,310.0
867.0,122.4,79.8,10.0,16.0,0.30939878387096775,1.6723624214583495,-3.282019,2.90021,0.779717,2.796796068706034,310.0
165.0,122.4,80.8,3.0,2.0,0.30939878387096775,1.6723624214583495,-3.282019,2.90021,0.779717,2.796796068706034,310.0
665.0,123.0,81.3,14.0,19.0,0.30939878387096775,1.6723624214583495,-3.282019,2.90021,0.779717,2.796796068706034,310.0
99.0,102.0,85.0,2.0,2.0,0.30939878387096775,1.6723624214583495,-3.282019,2.90021,0.779717,2.796796068706034,310.0
133.0,124.8,84.5,2.0,3.0,0.30939878387096775,1.6723624214583495,-3.282019,2.90021,0.779717,2.796796068706034,310.0
66.0,125.0,88.0,0.0,0.0,0.30939878387096775,1.6723624214583495,-3.282019,2.90021,0.779717,2.796796068706034,310.0
133.0,116.8,95.8,2.0,3.0,0.30939878387096775,1.6723624214583495,-3.282019,2.90021,0.779717,2.796796068706034,310.0
99.0,101.7,87.7,5.0,2.0,0.30939878387096775,1.6723624214583495,-3.282019,2.90021,0.779717,2.796796068706034,310.0
332.0,123.8,86.2,5.0,7.0,0.30939878387096775,1.6723624214583495,-3.282019,2.90021,0.779717,2.796796068706034,310.0
266.0,124.8,86.6,2.0,2.0,0.30939878387096775,1.6723624214583495,-3.282019,2.90021,0.779717,2.796796068706034,310.0
164.0,124.2,92.2,5.0,5.0,0.054744067741935486,0.5918297924281445,-1.402705,1.784947,-0.0259625,0.3502625032055406,310.0
232.0,119.6,96.6,9.0,4.0,0.30939878387096775,1.6723624214583495,-3.282019,2.90021,0.779717,2.796796068706034,310.0
166.0,124.2,90.6,7.0,11.0,0.30939878387096775,1.6723624214583495,-3.282019,2.90021,0.779717,2.796796068706034,310.0
133.0,125.0,93.0,7.0,5.0,0.30939878387096775,1.6723624214583495,-3.282019,2.90021,0.779717,2.796796068706034,310.0
199.0,125.7,93.7,6.0,22.0,0.30939878387096775,1.6723624214583495,-3.282019,2.90021,0.779717,2.796796068706034,310.0
199.0,124.5,101.0,2.0,12.0,0.30939878387096775,1.6723624214583495,-3.282019,2.90021,0.779717,2.796796068706034,310.0
232.0,122.3,88.4,4.0,20.0,0.30939878387096775,1.6723624214583495,-3.282019,2.90021,0.779717,2.796796068706034,310.0
167.0,116.8,94.0,1.0,1.0,0.30939878387096775,1.6723624214583495,-3.282019,2.90021,0.779717,2.796796068706034,310.0
299.0,123.6,88.1,12.0,7.0,0.30939878387096775,1.6723624214583495,-3.282019,2.90021,0.779717,2.796796068706034,310.0
265.0,125.8,90.6,25.0,13.0,0.30939878387096775,1.6723624214583495,-3.282019,2.90021,0.779717,2.796796068706034,310.0
465.0,125.3,88.5,34.0,50.0,0.30939878387096775,1.6723624214583495,-3.282019,2.90021,0.779717,2.796796068706034,310.0
66.0,123.5,85.5,0.0,7.0,0.30939878387096775,1.6723624214583495,-3.282019,2.90021,0.779717,2.796796068706034,310.0
100.0,124.7,84.0,1.0,1.0,0.02314859677419355,0.5798443464274801,-1.411607,1.742461,-0.049478999999999995,0.33621946608391157,310.0
199.0,125.0,83.0,1.0,9.0,0.30939878387096775,1.6723624214583495,-3.282019,2.90021,0.779717,2.796796068706034,310.0
166.0,124.6,83.6,1.0,4.0,0.30939878387096775,1.6723624214583495,-3.282019,2.90021,0.779717,2.796796068706034,310.0
166.0,125.8,86.0,13.0,2.0,0.30939878387096775,1.6723624214583495,-3.282019,2.90021,0.779717,2.796796068706034,310.0
132.0,126.5,89.0,12.0,3.0,0.30939878387096775,1.6723624214583495,-3.282019,2.90021,0.779717,2.796796068706034,310.0
166.0,125.8,89.4,15.0,12.0,0.30939878387096775,1.6723624214583495,-3.282019,2.90021,0.779717,2.796796068706034,310.0
101.0,116.0,96.3,1.0,2.0,0.30939878387096775,1.6723624214583495,-3.282019,2.90021,0.779717,2.796796068706034,310.0
68.0,124.0,87.0,0.0,0.0,0.30939878387096775,1.6723624214583495,-3.282019,2.90021,0.779717,2.796796068706034,310.0
199.0,122.8,86.2,2.0,4.0,0.30939878387096775,1.6723624214583495,-3.282019,2.90021,0.779717,2.796796068706034,310.0
99.0,117.0,83.7,4.0,4.0,0.30939878387096775,1.6723624214583495,-3.282019,2.90021,0.779717,2.796796068706034,310.0
266.0,122.3,88.1,3.0,15.0,0.30939878387096775,1.6723624214583495,-3.282019,2.90021,0.779717,2.796796068706034,310.0
67.0,116.5,87.0,1.0,3.0,0.30939878387096775,1.6723624214583495,-3.282019,2.90021,0.779717,2.796796068706034,310.0
232.0,117.6,86.7,10.0,11.0,0.02074616451612908,1.2536808064558957,-2.103989,2.121926,-0.22183999999999998,1.571715564475905,310.0
67.0,119.0,88.0,2.0,3.0,-0.013640296774193546,0.5691253928184802,-1.411956,1.695493,-0.066343,0.32390371275078933,310.0
66.0,121.0,89.0,3.0,2.0,0.30939878387096775,1.6723624214583495,-3.282019,2.90021,0.779717,2.796796068706034,310.0
432.0,121.6,85.4,46.0,37.0,0.30939878387096775,1.6723624214583495,-3.282019,2.90021,0.779717,2.796796068706034,310.0
66.0,123.5,82.5,4.0,5.0,0.30939878387096775,1.6723624214583495,-3.282019,2.90021,0.779717,2.796796068706034,310.0
166.0,115.2,77.2,2.0,2.0,0.30939878387096775,1.6723624214583495,-3.282019,2.90021,0.779717,2.796796068706034,310.0
365.0,115.0,81.7,21.0,6.0,0.30939878387096775,1.6723624214583495,-3.282019,2.90021,0.779717,2.796796068706034,310.0
199.0,121.1,87.0,3.0,8.0,0.30939878387096775,1.6723624214583495,-3.282019,2.90021,0.779717,2.796796068706034,310.0
366.0,122.7,81.3,22.0,9.0,0.30939878387096775,1.6723624214583495,-3.282019,2.90021,0.779717,2.796796068706034,310.0
432.0,122.4,83.6,8.0,8.0,0.30939878387096775,1.6723624214583495,-3.282019,2.90021,0.779717,2.796796068706034,310.0
632.0,122.5,83.5,11.0,10.0,0.30939878387096775,1.6723624214583495,-3.282019,2.90021,0.779717,2.796796068706034,310.0
499.0,123.4,83.8,15.0,10.0,0.30939878387096775,1.6723624214583495,-3.282019,2.90021,0.779717,2.796796068706034,310.0
133.0,123.0,84.5,2.0,8.0,0.30939878387096775,1.6723624214583495,-3.282019,2.90021,0.779717,2.796796068706034,310.0
199.0,124.7,86.7,11.0,7.0,-0.04621874838709678,0.5628022639064629,-1.400019,1.647108,-0.075436,0.3167463882582399,310.0
232.0,123.4,85.3,19.0,31.0,0.30939878387096775,1.6723624214583495,-3.282019,2.90021,0.779717,2.796796068706034,310.0
268.0,122.3,81.0,59.0,40.0,0.30939878387096775,1.6723624214583495,-3.282019,2.90021,0.779717,2.796796068706034,310.0
266.0,116.4,77.5,5.0,3.0,-0.0362423193548387,1.1429709039341789,-1.679497,1.708833,-0.34102750000000004,1.3063824872401142,310.0
266.0,123.4,84.6,4.0,3.0,0.30939878387096775,1.6723624214583495,-3.282019,2.90021,0.779717,2.796796068706034,310.0
99.0,124.0,85.3,1.0,1.0,0.30939878387096775,1.6723624214583495,-3.282019,2.90021,0.779717,2.796796068706034,310.0
133.0,124.3,86.0,2.0,5.0,0.30939878387096775,1.6723624214583495,-3.282019,2.90021,0.779717,2.796796068706034,310.0
134.0,125.8,85.5,3.0,4.0,0.30939878387096775,1.6723624214583495,-3.282019,2.90021,0.779717,2.796796068706034,310.0
99.0,125.0,87.3,1.0,2.0,0.30939878387096775,1.6723624214583495,-3.282019,2.90021,0.779717,2.796796068706034,310.0
200.0,125.3,85.5,3.0,6.0,0.30939878387096775,1.6723624214583495,-3.282019,2.90021,0.779717,2.796796068706034,310.0
335.0,126.4,89.0,2.0,5.0,0.30939878387096775,1.6723624214583495,-3.282019,2.90021,0.779717,2.796796068706034,310.0
166.0,127.0,97.4,2.0,3.0,0.30939878387096775,1.6723624214583495,-3.282019,2.90021,0.779717,2.796796068706034,310.0
99.0,127.3,101.0,1.0,1.0,-0.07359179354838709,0.5602152917476395,-1.372519,1.598186,-0.095301,0.3138411731078929,310.0
199.0,124.2,86.0,2.0,4.0,0.30939878387096775,1.6723624214583495,-3.282019,2.90021,0.779717,2.796796068706034,310.0
998.0,117.6,77.3,11.0,10.0,0.30939878387096775,1.6723624214583495,-3.282019,2.90021,0.779717,2.796796068706034,310.0
232.0,118.3,83.6,7.0,7.0,0.30939878387096775,1.6723624214583495,-3.282019,2.90021,0.779717,2.796796068706034,310.0
200.0,125.8,87.7,1.0,2.0,0.30939878387096775,1.6723624214583495,-3.282019,2.90021,0.779717,2.796796068706034,310.0
332.0,126.7,90.9,2.0,4.0,0.30939878387096775,1.6723624214583495,-3.282019,2.90021,0.779717,2.796796068706034,310.0
99.0,126.0,92.3,1.0,3.0,0.30939878387096775,1.6723624214583495,-3.282019,2.90021,0.779717,2.796796068706034,310.0
167.0,123.4,88.0,1.0,3.0,0.30939878387096775,1.6723624214583495,-3.282019,2.90021,0.779717,2.796796068706034,310.0
332.0,121.6,84.3,3.0,1.0,0.30939878387096775,1.6723624214583495,-3.282019,2.90021,0.779717,2.796796068706034,310.0
99.0,122.0,86.0,0.0,6.0,0.30939878387096775,1.6723624214583495,-3.282019,2.90021,0.779717,2.796796068706034,310.0
232.0,123.4,88.6,3.0,8.0,0.30939878387096775,1.6723624214583495,-3.282019,2.90021,0.779717,2.796796068706034,310.0
765.0,125.1,90.3,16.0,14.0,0.30939878387096775,1.6723624214583495,-3.282019,2.90021,0.779717,2.796796068706034,310.0
166.0,126.0,85.2,3.0,6.0,-0.10951054516129032,0.5614485669596587,-1.321802,1.525622,-0.1438685,0.3152244933410544,310.0
167.0,116.0,78.8,2.0,5.0,0.30939878387096775,1.6723624214583495,-3.282019,2.90021,0.779717,2.796796068706034,310.0
200.0,126.8,91.0,3.0,7.0,0.30939878387096775,1.6723624214583495,-3.282019,2.90021,0.779717,2.796796068706034,310.0
399.0,126.8,91.2,13.0,4.0,0.30939878387096775,1.6723624214583495,-3.282019,2.90021,0.779717,2.796796068706034,310.0
170.0,124.0,88.6,4.0,5.0,0.30939878387096775,1.6723624214583495,-3.282019,2.90021,0.779717,2.796796068706034,310.0
233.0,126.7,91.9,2.0,10.0,0.30939878387096775,1.6723624214583495,-3.282019,2.90021,0.779717,2.796796068706034,310.0
199.0,126.5,91.2,2.0,1.0,0.30939878387096775,1.6723624214583495,-3.282019,2.90021,0.779717,2.796796068706034,310.0
99.0,127.3,88.0,1.0,3.0,0.30939878387096775,1.6723624214583495,-3.282019,2.90021,0.779717,2.796796068706034,310.0
299.0,125.9,90.9,2.0,4.0,0.30939878387096775,1.6723624214583495,-3.282019,2.90021,0.779717,2.796796068706034,310.0
232.0,126.0,87.1,3.0,6.0,0.30939878387096775,1.6723624214583495,-3.282019,2.90021,0.779717,2.796796068706034,310.0
432.0,119.2,82.4,8.0,9.0,0.30939878387096775,1.6723624214583495,-3.282019,2.90021,0.779717,2.796796068706034,310.0
332.0,120.5,85.6,5.0,13.0,0.30939878387096775,1.6723624214583495,-3.282019,2.90021,0.779717,2.796796068706034,310.0
166.0,115.2,80.2,2.0,0.0,0.30939878387096775,1.6723624214583495,-3.282019,2.90021,0.779717,2.796796068706034,310.0
200.0,126.8,85.7,2.0,11.0,-0.13200029032258065,0.5653713433586239,-1.361749,1.46106,-0.153802,0.31964475589113506,310.0
133.0,127.3,86.8,3.0,3.0,0.30939878387096775,1.6723624214583495,-3.282019,2.90021,0.779717,2.796796068706034,310.0
365.0,120.8,84.9,7.0,20.0,0.30939878387096775,1.6723624214583495,-3.282019,2.90021,0.779717,2.796796068706034,310.0
199.0,121.7,85.7,2.0,4.0,0.30939878387096775,1.6723624214583495,-3.282019,2.90021,0.779717,2.796796068706034,310.0
166.0,126.8,88.8,2.0,6.0,0.30939878387096775,1.6723624214583495,-3.282019,2.90021,0.779717,2.796796068706034,310.0
166.0,127.4,89.0,4.0,2.0,0.30939878387096775,1.6723624214583495,-3.282019,2.90021,0.779717,2.796796068706034,310.0
167.0,124.8,89.0,4.0,7.0,0.30939878387096775,1.6723624214583495,-3.282019,2.90021,0.779717,2.796796068706034,310.0
99.0,124.0,89.7,1.0,2.0,0.30939878387096775,1.6723624214583495,-3.282019,2.90021,0.779717,2.796796068706034,310.0
99.0,126.0,87.0,1.0,3.0,0.30939878387096775,1.6723624214583495,-3.282019,2.90021,0.779717,2.796796068706034,310.0
898.0,122.0,84.9,10.0,16.0,0.30939878387096775,1.6723624214583495,-3.282019,2.90021,0.779717,2.796796068706034,310.0
133.0,95.8,73.0,3.0,4.0,0.30939878387096775,1.6723624214583495,-3.282019,2.90021,0.779717,2.796796068706034,310.0
232.0,119.3,99.0,1.0,8.0,0.30939878387096775,1.6723624214583495,-3.282019,2.90021,0.779717,2.796796068706034,310.0
233.0,124.0,86.0,4.0,6.0,0.30939878387096775,1.6723624214583495,-3.282019,2.90021,0.779717,2.796796068706034,310.0
299.0,123.8,86.4,2.0,8.0,-0.14428969032258065,0.5687447224894778,-1.407295,1.425781,-0.163078,0.3234705593596331,310.0
166.0,124.0,87.0,3.0,2.0,0.30939878387096775,1.6723624214583495,-3.282019,2.90021,0.779717,2.796796068706034,310.0
99.0,124.3,85.7,0.0,2.0,0.30939878387096775,1.6723624214583495,-3.282019,2.90021,0.779717,2.796796068706034,310.0
300.0,124.4,86.7,4.0,5.0,0.30939878387096775,1.6723624214583495,-3.282019,2.90021,0.779717,2.796796068706034,310.0
199.0,122.0,86.8,2.0,6.0,0.30939878387096775,1.6723624214583495,-3.282019,2.90021,0.779717,2.796796068706034,310.0
232.0,124.9,85.4,5.0,6.0,0.30939878387096775,1.6723624214583495,-3.282019,2.90021,0.779717,2.796796068706034,310.0
199.0,125.5,88.0,4.0,3.0,0.30939878387096775,1.6723624214583495,-3.282019,2.90021,0.779717,2.796796068706034,310.0
99.0,125.3,89.0,1.0,0.0,0.30939878387096775,1.6723624214583495,-3.282019,2.90021,0.779717,2.796796068706034,310.0
199.0,127.0,103.8,1.0,9.0,0.30939878387096775,1.6723624214583495,-3.282019,2.90021,0.779717,2.796796068706034,310.0
133.0,119.0,99.8,2.0,4.0,0.30939878387096775,1.6723624214583495,-3.282019,2.90021,0.779717,2.796796068706034,310.0
539.0,123.8,85.3,5.0,11.0,0.30939878387096775,1.6723624214583495,-3.282019,2.90021,0.779717,2.796796068706034,310.0
133.0,124.0,85.8,1.0,2.0,0.30939878387096775,1.6723624214583495,-3.282019,2.90021,0.779717,2.796796068706034,310.0
99.0,125.3,86.7,0.0,1.0,-0.1815596677419355,0.5846641332614014,-1.563514,1.361306,-0.20668150000000002,0.3418321487223058,310.0
267.0,126.1,88.5,14.0,25.0,0.30939878387096775,1.6723624214583495,-3.282019,2.90021,0.779717,2.796796068706034,310.0
565.0,126.1,89.2,6.0,13.0,0.30939878387096775,1.6723624214583495,-3.282019,2.90021,0.779717,2.796796068706034,310.0
232.0,125.6,88.3,7.0,6.0,0.30939878387096775,1.6723624214583495,-3.282019,2.90021,0.779717,2.796796068706034,310.0
133.0,127.0,91.0,1.0,5.0,0.30939878387096775,1.6723624214583495,-3.282019,2.90021,0.779717,2.796796068706034,310.0
365.0,125.4,88.0,4.0,5.0,0.30939878387096775,1.6723624214583495,-3.282019,2.90021,0.779717,2.796796068706034,310.0
133.0,126.8,104.3,2.0,2.0,0.30939878387096775,1.6723624214583495,-3.282019,2.90021,0.779717,2.796796068706034,310.0
365.0,125.0,87.2,19.0,8.0,0.30939878387096775,1.6723624214583495,-3.282019,2.90021,0.779717,2.796796068706034,310.0
201.0,115.7,78.0,3.0,8.0,0.30939878387096775,1.6723624214583495,-3.282019,2.90021,0.779717,2.796796068706034,310.0
332.0,124.5,85.9,2.0,7.0,0.30939878387096775,1.6723624214583495,-3.282019,2.90021,0.779717,2.796796068706034,310.0
133.0,124.5,79.0,1.0,0.0,0.30939878387096775,1.6723624214583495,-3.282019,2.90021,0.779717,2.796796068706034,310.0
99.0,126.3,89.3,2.0,3.0,0.30939878387096775,1.6723624214583495,-3.282019,2.90021,0.779717,2.796796068706034,310.0
299.0,125.3,93.0,3.0,7.0,-0.22549034193548387,0.6081595155480863,-1.803107,1.453932,-0.24931999999999999,0.36985799635168304,310.0
199.0,125.2,89.8,3.0,6.0,0.30939878387096775,1.6723624214583495,-3.282019,2.90021,0.779717,2.796796068706034,310.0
532.0,125.4,95.5,3.0,9.0,0.30939878387096775,1.6723624214583495,-3.282019,2.90021,0.779717,2.796796068706034,310.0
266.0,124.8,93.3,2.0,3.0,0.30939878387096775,1.6723624214583495,-3.282019,2.90021,0.779717,2.796796068706034,310.0
399.0,125.5,91.9,3.0,12.0,0.30939878387096775,1.6723624214583495,-3.282019,2.90021,0.779717,2.796796068706034,310.0
266.0,125.1,88.4,4.0,3.0,0.30939878387096775,1.6723624214583495,-3.282019,2.90021,0.779717,2.796796068706034,310.0
161.0,126.0,99.8,1.0,7.0,0.30939878387096775,1.6723624214583495,-3.282019,2.90021,0.779717,2.796796068706034,310.0
266.0,115.4,78.3,3.0,4.0,0.30939878387096775,1.6723624214583495,-3.282019,2.90021,0.779717,2.796796068706034,310.0
133.0,125.8,100.3,0.0,2.0,0.30939878387096775,1.6723624214583495,-3.282019,2.90021,0.779717,2.796796068706034,310.0
332.0,123.8,84.9,3.0,4.0,0.30939878387096775,1.6723624214583495,-3.282019,2.90021,0.779717,2.796796068706034,310.0
132.0,125.5,87.3,1.0,1.0,0.30939878387096775,1.6723624214583495,-3.282019,2.90021,0.779717,2.796796068706034,310.0
232.0,121.3,85.6,1.0,5.0,0.30939878387096775,1.6723624214583495,-3.282019,2.90021,0.779717,2.796796068706034,310.0
165.0,124.6,87.2,3.0,4.0,-0.2478691419354839,0.6166961950854543,-1.877424,1.45128,-0.2833755,0.3803141970328766,310.0
166.0,124.0,86.2,2.0,4.0,0.30939878387096775,1.6723624214583495,-3.282019,2.90021,0.779717,2.796796068706034,310.0
898.0,124.1,86.4,5.0,13.0,0.30939878387096775,1.6723624214583495,-3.282019,2.90021,0.779717,2.796796068706034,310.0
898.0,126.4,87.3,3.0,9.0,0.30939878387096775,1.6723624214583495,-3.282019,2.90021,0.779717,2.796796068706034,310.0
66.0,120.0,86.0,0.0,1.0,0.30939878387096775,1.6723624214583495,-3.282019,2.90021,0.779717,2.796796068706034,310.0
532.0,123.2,85.4,7.0,16.0,0.30939878387096775,1.6723624214583495,-3.282019,2.90021,0.779717,2.796796068706034,310.0
100.0,117.3,80.0,1.0,3.0,0.30939878387096775,1.6723624214583495,-3.282019,2.90021,0.779717,2.796796068706034,310.0
199.0,126.5,86.8,4.0,4.0,0.30939878387096775,1.6723624214583495,-3.282019,2.90021,0.779717,2.796796068706034,310.0
233.0,127.1,89.4,2.0,3.0,0.30939878387096775,1.6723624214583495,-3.282019,2.90021,0.779717,2.796796068706034,310.0
166.0,122.6,82.4,2.0,12.0,0.30939878387096775,1.6723624214583495,-3.282019,2.90021,0.779717,2.796796068706034,310.0
199.0,122.2,91.5,7.0,21.0,0.30939878387096775,1.6723624214583495,-3.282019,2.90021,0.779717,2.796796068706034,310.0
99.0,123.7,92.3,2.0,5.0,0.30939878387096775,1.6723624214583495,-3.282019,2.90021,0.779717,2.796796068706034,310.0
166.0,124.0,92.2,10.0,7.0,-0.2702883870967742,0.6247820004617289,-1.997423,1.432314,-0.28933699999999996,0.3903525481009598,310.0
99.0,122.3,92.7,6.0,0.0,0.30939878387096775,1.6723624214583495,-3.282019,2.90021,0.779717,2.796796068706034,310.0
66.0,119.5,92.5,5.0,6.0,0.30939878387096775,1.6723624214583495,-3.282019,2.90021,0.779717,2.796796068706034,310.0
266.0,119.9,78.8,4.0,19.0,0.30939878387096775,1.6723624214583495,-3.282019,2.90021,0.779717,2.796796068706034,310.0
332.0,120.6,78.5,2.0,8.0,0.30939878387096775,1.6723624214583495,-3.282019,2.90021,0.779717,2.796796068706034,310.0
100.0,119.0,87.7,1.0,1.0,0.30939878387096775,1.6723624214583495,-3.282019,2.90021,0.779717,2.796796068706034,310.0
632.0,125.4,92.5,16.0,24.0,0.30939878387096775,1.6723624214583495,-3.282019,2.90021,0.779717,2.796796068706034,310.0
99.0,123.3,88.0,2.0,5.0,0.30939878387096775,1.6723624214583495,-3.282019,2.90021,0.779717,2.796796068706034,310.0
166.0,122.4,79.4,4.0,7.0,0.30939878387096775,1.6723624214583495,-3.282019,2.90021,0.779717,2.796796068706034,310.0
199.0,122.0,80.5,4.0,9.0,0.30939878387096775,1.6723624214583495,-3.282019,2.90021,0.779717,2.796796068706034,310.0
100.0,124.0,86.0,3.0,4.0,0.30939878387096775,1.6723624214583495,-3.282019,2.90021,0.779717,2.796796068706034,310.0
532.0,123.1,88.8,12.0,18.0,0.30939878387096775,1.6723624214583495,-3.282019,2.90021,0.779717,2.796796068706034,310.0
166.0,123.8,91.2,0.0,9.0,0.0147648483870968,1.2438370505308107,-2.025181,2.089354,-0.23237199999999997,1.5471306082731868,310.0
499.0,124.6,88.3,11.0,9.0,-0.3023654129032258,0.6355658205873982,-2.172104,1.365402,-0.3363005,0.4039439122989328,310.0
366.0,124.3,88.4,16.0,7.0,0.30939878387096775,1.6723624214583495,-3.282019,2.90021,0.779717,2.796796068706034,310.0
765.0,125.7,91.3,13.0,19.0,0.30939878387096775,1.6723624214583495,-3.282019,2.90021,0.779717,2.796796068706034,310.0
731.0,118.6,77.6,4.0,13.0,0.30939878387096775,1.6723624214583495,-3.282019,2.90021,0.779717,2.796796068706034,310.0
99.0,126.0,89.0,0.0,1.0,0.30939878387096775,1.6723624214583495,-3.282019,2.90021,0.779717,2.796796068706034,310.0
68.0,126.5,85.5,0.0,2.0,0.30939878387096775,1.6723624214583495,-3.282019,2.90021,0.779717,2.796796068706034,310.0
166.0,124.0,84.4,4.0,11.0,0.30939878387096775,1.6723624214583495,-3.282019,2.90021,0.779717,2.796796068706034,310.0
465.0,125.4,80.7,17.0,18.0,0.30939878387096775,1.6723624214583495,-3.282019,2.90021,0.779717,2.796796068706034,310.0
199.0,123.3,85.2,6.0,9.0,0.30939878387096775,1.6723624214583495,-3.282019,2.90021,0.779717,2.796796068706034,310.0
101.0,126.0,87.0,1.0,11.0,0.30939878387096775,1.6723624214583495,-3.282019,2.90021,0.779717,2.796796068706034,310.0
99.0,127.7,86.7,3.0,8.0,0.30939878387096775,1.6723624214583495,-3.282019,2.90021,0.779717,2.796796068706034,310.0
399.0,127.3,85.3,9.0,23.0,0.30939878387096775,1.6723624214583495,-3.282019,2.90021,0.779717,2.796796068706034,310.0
299.0,126.7,84.8,2.0,12.0,-0.33248634838709673,0.6485680135279925,-2.272698,1.348045,-0.3830955,0.42064046817164635,310.0
99.0,128.0,87.3,1.0,1.0,0.30939878387096775,1.6723624214583495,-3.282019,2.90021,0.779717,2.796796068706034,310.0
265.0,117.5,77.9,8.0,11.0,-0.054719180645161285,1.1180604069272158,-1.648333,1.606903,-0.4228495,1.2500590735382513,310.0
332.0,127.3,89.8,5.0,22.0,0.30939878387096775,1.6723624214583495,-3.282019,2.90021,0.779717,2.796796068706034,310.0
232.0,125.4,87.9,9.0,15.0,0.30939878387096775,1.6723624214583495,-3.282019,2.90021,0.779717,2.796796068706034,310.0
266.0,126.5,87.6,2.0,2.0,0.30939878387096775,1.6723624214583495,-3.282019,2.90021,0.779717,2.796796068706034,310.0
133.0,126.3,95.5,0.0,3.0,0.30939878387096775,1.6723624214583495,-3.282019,2.90021,0.779717,2.796796068706034,310.0
232.0,121.7,93.3,2.0,10.0,0.30939878387096775,1.6723624214583495,-3.282019,2.90021,0.779717,2.796796068706034,310.0
133.0,123.0,95.5,0.0,5.0,0.30939878387096775,1.6723624214583495,-3.282019,2.90021,0.779717,2.796796068706034,310.0
1098.0,123.8,94.5,13.0,35.0,0.30939878387096775,1.6723624214583495,-3.282019,2.90021,0.779717,2.796796068706034,310.0
100.0,121.0,75.7,4.0,4.0,0.30939878387096775,1.6723624214583495,-3.282019,2.90021,0.779717,2.796796068706034,310.0
299.0,113.7,77.7,6.0,3.0,0.30939878387096775,1.6723624214583495,-3.282019,2.90021,0.779717,2.796796068706034,310.0
99.0,119.0,86.7,4.0,5.0,-0.3482128612903226,0.6588336554157022,-2.258644,1.363245,-0.40820100000000004,0.43406178550841623,310.0
133.0,118.8,78.0,1.0,3.0,0.30939878387096775,1.6723624214583495,-3.282019,2.90021,0.779717,2.796796068706034,310.0
766.0,121.6,76.7,20.0,25.0,0.30939878387096775,1.6723624214583495,-3.282019,2.90021,0.779717,2.796796068706034,310.0
298.0,122.1,76.8,5.0,17.0,0.30939878387096775,1.6723624214583495,-3.282019,2.90021,0.779717,2.796796068706034,310.0
166.0,121.8,77.6,6.0,8.0,0.30939878387096775,1.6723624214583495,-3.282019,2.90021,0.779717,2.796796068706034,310.0
233.0,125.7,84.0,2.0,12.0,0.30939878387096775,1.6723624214583495,-3.282019,2.90021,0.779717,2.796796068706034,310.0
166.0,123.0,81.8,6.0,9.0,0.30939878387096775,1.6723624214583495,-3.282019,2.90021,0.779717,2.796796068706034,310.0
99.0,127.7,87.3,2.0,1.0,0.30939878387096775,1.6723624214583495,-3.282019,2.90021,0.779717,2.796796068706034,310.0
166.0,123.2,84.8,0.0,6.0,0.30939878387096775,1.6723624214583495,-3.282019,2.90021,0.779717,2.796796068706034,310.0
66.0,124.0,84.0,1.0,6.0,0.30939878387096775,1.6723624214583495,-3.282019,2.90021,0.779717,2.796796068706034,310.0
132.0,117.5,82.5,5.0,3.0,0.30939878387096775,1.6723624214583495,-3.282019,2.90021,0.779717,2.796796068706034,310.0
164.0,119.6,81.0,10.0,1.0,0.30939878387096775,1.6723624214583495,-3.282019,2.90021,0.779717,2.796796068706034,310.0
232.0,118.0,79.6,19.0,13.0,0.30939878387096775,1.6723624214583495,-3.282019,2.90021,0.779717,2.796796068706034,310.0
266.0,121.1,82.1,12.0,8.0,-0.3536333774193548,0.6649547531183166,-2.213396,1.375257,-0.40142449999999996,0.44216482369464144,310.0
399.0,122.8,84.1,11.0,15.0,0.30939878387096775,1.6723624214583495,-3.282019,2.90021,0.779717,2.796796068706034,310.0
66.0,123.0,83.5,2.0,0.0,0.30939878387096775,1.6723624214583495,-3.282019,2.90021,0.779717,2.796796068706034,310.0
133.0,120.8,82.5,9.0,5.0,0.30939878387096775,1.6723624214583495,-3.282019,2.90021,0.779717,2.796796068706034,310.0
202.0,122.5,84.3,3.0,7.0,0.30939878387096775,1.6723624214583495,-3.282019,2.90021,0.779717,2.796796068706034,310.0
199.0,118.3,85.7,29.0,10.0,0.30939878387096775,1.6723624214583495,-3.282019,2.90021,0.779717,2.796796068706034,310.0
299.0,123.2,83.2,36.0,18.0,0.30939878387096775,1.6723624214583495,-3.282019,2.90021,0.779717,2.796796068706034,310.0
99.0,123.7,84.0,4.0,4.0,0.30939878387096775,1.6723624214583495,-3.282019,2.90021,0.779717,2.796796068706034,310.0
166.0,121.6,83.4,7.0,8.0,0.30939878387096775,1.6723624214583495,-3.282019,2.90021,0.779717,2.796796068706034,310.0
133.0,120.8,87.0,7.0,8.0,0.30939878387096775,1.6723624214583495,-3.282019,2.90021,0.779717,2.796796068706034,310.0
199.0,101.5,78.2,1.0,15.0,0.30939878387096775,1.6723624214583495,-3.282019,2.90021,0.779717,2.796796068706034,310.0
299.0,116.9,73.6,32.0,9.0,0.30939878387096775,1.6723624214583495,-3.282019,2.90021,0.779717,2.796796068706034,310.0
199.0,119.3,85.5,24.0,8.0,0.30939878387096775,1.6723624214583495,-3.282019,2.90021,0.779717,2.796796068706034,310.0
166.0,121.4,86.2,16.0,3.0,-0.35224438064516134,0.6699291671559524,-2.144449,1.396554,-0.39509550000000004,0.448805089006268,310.0
132.0,126.0,88.5,3.0,10.0,0.30939878387096775,1.6723624214583495,-3.282019,2.90021,0.779717,2.796796068706034,310.0
299.0,122.7,85.6,15.0,10.0,0.30939878387096775,1.6723624214583495,-3.282019,2.90021,0.779717,2.796796068706034,310.0
365.0,123.6,86.8,23.0,9.0,0.30939878387096775,1.6723624214583495,-3.282019,2.90021,0.779717,2.796796068706034,310.0
66.0,123.0,84.5,1.0,1.0,0.30939878387096775,1.6723624214583495,-3.282019,2.90021,0.779717,2.796796068706034,310.0
265.0,124.0,86.0,11.0,7.0,0.30939878387096775,1.6723624214583495,-3.282019,2.90021,0.779717,2.796796068706034,310.0
399.0,123.9,86.3,4.0,8.0,0.30939878387096775,1.6723624214583495,-3.282019,2.90021,0.779717,2.796796068706034,310.0
266.0,123.9,87.1,4.0,7.0,0.30939878387096775,1.6723624214583495,-3.282019,2.90021,0.779717,2.796796068706034,310.0
166.0,122.2,87.6,22.0,5.0,0.30939878387096775,1.6723624214583495,-3.282019,2.90021,0.779717,2.796796068706034,310.0
299.0,114.0,72.6,8.0,12.0,0.30939878387096775,1.6723624214583495,-3.282019,2.90021,0.779717,2.796796068706034,310.0
100.0,125.7,87.3,6.0,7.0,0.30939878387096775,1.6723624214583495,-3.282019,2.90021,0.779717,2.796796068706034,310.0
566.0,124.9,87.1,55.0,9.0,0.30939878387096775,1.6723624214583495,-3.282019,2.90021,0.779717,2.796796068706034,310.0
166.0,124.0,85.6,9.0,2.0,-0.3457246774193548,0.678097587142854,-2.063765,1.433455,-0.393164,0.45981633768896046,310.0
166.0,124.0,86.8,2.0,3.0,0.30939878387096775,1.6723624214583495,-3.282019,2.90021,0.779717,2.796796068706034,310.0
766.0,124.7,86.8,12.0,12.0,0.30939878387096775,1.6723624214583495,-3.282019,2.90021,0.779717,2.796796068706034,310.0
565.0,126.4,89.4,14.0,6.0,0.30939878387096775,1.6723624214583495,-3.282019,2.90021,0.779717,2.796796068706034,310.0
332.0,125.3,88.4,11.0,8.0,0.30939878387096775,1.6723624214583495,-3.282019,2.90021,0.779717,2.796796068706034,310.0
299.0,124.8,88.1,24.0,4.0,0.30939878387096775,1.6723624214583495,-3.282019,2.90021,0.779717,2.796796068706034,310.0
333.0,123.4,88.2,20.0,5.0,0.30939878387096775,1.6723624214583495,-3.282019,2.90021,0.779717,2.796796068706034,310.0
698.0,125.0,89.0,21.0,6.0,0.30939878387096775,1.6723624214583495,-3.282019,2.90021,0.779717,2.796796068706034,310.0
200.0,112.0,72.2,14.0,5.0,0.30939878387096775,1.6723624214583495,-3.282019,2.90021,0.779717,2.796796068706034,310.0
266.0,123.9,86.9,7.0,2.0,0.30939878387096775,1.6723624214583495,-3.282019,2.90021,0.779717,2.796796068706034,310.0
266.0,125.8,88.0,10.0,6.0,0.30939878387096775,1.6723624214583495,-3.282019,2.90021,0.779717,2.796796068706034,310.0
332.0,125.6,89.0,4.0,4.0,0.30939878387096775,1.6723624214583495,-3.282019,2.90021,0.779717,2.796796068706034,310.0
266.0,126.3,88.8,4.0,5.0,-0.3358451,0.6813780589122688,-1.977055,1.495715,-0.38063250000000004,0.4642760591670513,310.0
266.0,125.9,88.9,14.0,5.0,0.30939878387096775,1.6723624214583495,-3.282019,2.90021,0.779717,2.796796068706034,310.0
133.0,125.5,89.8,7.0,3.0,0.30939878387096775,1.6723624214583495,-3.282019,2.90021,0.779717,2.796796068706034,310.0
99.0,125.0,88.7,1.0,6.0,0.30939878387096775,1.6723624214583495,-3.282019,2.90021,0.779717,2.796796068706034,310.0
399.0,123.8,90.5,11.0,3.0,0.30939878387096775,1.6723624214583495,-3.282019,2.90021,0.779717,2.796796068706034,310.0
133.0,124.0,90.3,1.0,1.0,0.30939878387096775,1.6723624214583495,-3.282019,2.90021,0.779717,2.796796068706034,310.0
199.0,120.7,89.3,11.0,3.0,0.30939878387096775,1.6723624214583495,-3.282019,2.90021,0.779717,2.796796068706034,310.0
100.0,118.3,82.7,9.0,5.0,0.30939878387096775,1.6723624214583495,-3.282019,2.90021,0.779717,2.796796068706034,310.0
332.0,122.2,89.5,15.0,6.0,0.30939878387096775,1.6723624214583495,-3.282019,2.90021,0.779717,2.796796068706034,310.0
166.0,125.0,89.4,15.0,6.0,0.30939878387096775,1.6723624214583495,-3.282019,2.90021,0.779717,2.796796068706034,310.0
366.0,125.2,90.6,16.0,7.0,0.30939878387096775,1.6723624214583495,-3.282019,2.90021,0.779717,2.796796068706034,310.0
360.0,125.8,88.8,8.0,56.0,0.30939878387096775,1.6723624214583495,-3.282019,2.90021,0.779717,2.796796068706034,310.0
399.0,125.8,91.2,19.0,11.0,-0.3184946258064516,0.6882239688232888,-1.90973,1.622662,-0.36940249999999997,0.47365223126287925,310.0
99.0,125.3,91.0,2.0,2.0,0.30939878387096775,1.6723624214583495,-3.282019,2.90021,0.779717,2.796796068706034,310.0
265.0,126.7,95.8,7.0,39.0,0.30939878387096775,1.6723624214583495,-3.282019,2.90021,0.779717,2.796796068706034,310.0
100.0,127.7,101.3,2.0,8.0,0.30939878387096775,1.6723624214583495,-3.282019,2.90021,0.779717,2.796796068706034,310.0
66.0,123.0,91.0,1.0,0.0,0.30939878387096775,1.6723624214583495,-3.282019,2.90021,0.779717,2.796796068706034,310.0
199.0,124.8,90.5,4.0,4.0,0.30939878387096775,1.6723624214583495,-3.282019,2.90021,0.779717,2.796796068706034,310.0
199.0,120.5,98.2,12.0,9.0,0.30939878387096775,1.6723624214583495,-3.282019,2.90021,0.779717,2.796796068706034,310.0
66.0,124.0,89.5,4.0,0.0,0.30939878387096775,1.6723624214583495,-3.282019,2.90021,0.779717,2.796796068706034,310.0
299.0,125.4,91.1,13.0,4.0,0.30939878387096775,1.6723624214583495,-3.282019,2.90021,0.779717,2.796796068706034,310.0
299.0,124.3,89.6,3.0,6.0,0.30939878387096775,1.6723624214583495,-3.282019,2.90021,0.779717,2.796796068706034,310.0
99.0,126.0,92.3,2.0,1.0,0.30939878387096775,1.6723624214583495,-3.282019,2.90021,0.779717,2.796796068706034,310.0
99.0,124.0,88.7,6.0,12.0,0.30939878387096775,1.6723624214583495,-3.282019,2.90021,0.779717,2.796796068706034,310.0
66.0,124.5,90.5,1.0,3.0,-0.29046662258064515,0.6967490101159927,-1.869945,1.745844,-0.34462950000000003,0.4854591830976156,310.0
99.0,126.3,94.3,3.0,24.0,0.30939878387096775,1.6723624214583495,-3.282019,2.90021,0.779717,2.796796068706034,310.0
99.0,123.0,91.0,8.0,3.0,0.30939878387096775,1.6723624214583495,-3.282019,2.90021,0.779717,2.796796068706034,310.0
166.0,124.2,90.6,8.0,12.0,0.30939878387096775,1.6723624214583495,-3.282019,2.90021,0.779717,2.796796068706034,310.0
465.0,115.1,84.8,44.0,21.0,0.30939878387096775,1.6723624214583495,-3.282019,2.90021,0.779717,2.796796068706034,310.0
232.0,117.0,77.0,24.0,8.0,0.30939878387096775,1.6723624214583495,-3.282019,2.90021,0.779717,2.796796068706034,310.0
66.0,123.5,92.0,0.0,0.0,0.30939878387096775,1.6723624214583495,-3.282019,2.90021,0.779717,2.796796068706034,310.0
166.0,125.4,89.8,1.0,13.0,0.30939878387096775,1.6723624214583495,-3.282019,2.90021,0.779717,2.796796068706034,310.0
199.0,123.2,90.5,5.0,35.0,0.30939878387096775,1.6723624214583495,-3.282019,2.90021,0.779717,2.796796068706034,310.0
233.0,123.9,92.4,6.0,16.0,0.30939878387096775,1.6723624214583495,-3.282019,2.90021,0.779717,2.796796068706034,310.0
599.0,125.3,100.3,4.0,15.0,0.30939878387096775,1.6723624214583495,-3.282019,2.90021,0.779717,2.796796068706034,310.0
133.0,126.3,92.3,2.0,7.0,0.30939878387096775,1.6723624214583495,-3.282019,2.90021,0.779717,2.796796068706034,310.0
366.0,124.7,90.3,5.0,24.0,-0.2730491483870968,0.7018052147960522,-1.831676,1.79576,-0.31175949999999997,0.4925305595149329,310.0
166.0,124.6,86.0,9.0,6.0,0.30939878387096775,1.6723624214583495,-3.282019,2.90021,0.779717,2.796796068706034,310.0
66.0,125.5,87.0,3.0,2.0,0.30939878387096775,1.6723624214583495,-3.282019,2.90021,0.779717,2.796796068706034,310.0
565.0,121.8,89.1,16.0,29.0,0.30939878387096775,1.6723624214583495,-3.282019,2.90021,0.779717,2.796796068706034,310.0
66.0,115.0,78.0,1.0,2.0,0.30939878387096775,1.6723624214583495,-3.282019,2.90021,0.779717,2.796796068706034,310.0
266.0,124.4,84.0,2.0,6.0,0.30939878387096775,1.6723624214583495,-3.282019,2.90021,0.779717,2.796796068706034,310.0
199.0,126.2,94.3,10.0,22.0,0.30939878387096775,1.6723624214583495,-3.282019,2.90021,0.779717,2.796796068706034,310.0
133.0,127.0,94.8,1.0,4.0,0.30939878387096775,1.6723624214583495,-3.282019,2.90021,0.779717,2.796796068706034,310.0
266.0,119.6,87.8,3.0,3.0,0.30939878387096775,1.6723624214583495,-3.282019,2.90021,0.779717,2.796796068706034,310.0
199.0,122.5,86.7,0.0,4.0,0.30939878387096775,1.6723624214583495,-3.282019,2.90021,0.779717,2.796796068706034,310.0
399.0,126.3,82.1,2.0,3.0,0.30939878387096775,1.6723624214583495,-3.282019,2.90021,0.779717,2.796796068706034,310.0
133.0,122.3,81.0,4.0,2.0,0.30939878387096775,1.6723624214583495,-3.282019,2.90021,0.779717,2.796796068706034,310.0
232.0,124.6,83.4,22.0,36.0,0.008108564516129032,1.2333764288048326,-1.957346,2.057006,-0.242769,1.521217415131362,310.0
166.0,126.2,84.0,0.0,3.0,-0.23707258387096775,0.7166688279589326,-1.769526,1.880449,-0.310285,0.5136142089680301,310.0
166.0,126.0,87.0,1.0,12.0,0.30939878387096775,1.6723624214583495,-3.282019,2.90021,0.779717,2.796796068706034,310.0
399.0,115.3,80.8,7.0,21.0,0.30939878387096775,1.6723624214583495,-3.282019,2.90021,0.779717,2.796796068706034,310.0
133.0,116.8,88.8,4.0,11.0,0.30939878387096775,1.6723624214583495,-3.282019,2.90021,0.779717,2.796796068706034,310.0
133.0,126.3,90.3,2.0,13.0,0.30939878387096775,1.6723624214583495,-3.282019,2.90021,0.779717,2.796796068706034,310.0
99.0,126.0,91.3,1.0,1.0,0.30939878387096775,1.6723624214583495,-3.282019,2.90021,0.779717,2.796796068706034,310.0
299.0,120.0,93.0,2.0,11.0,0.30939878387096775,1.6723624214583495,-3.282019,2.90021,0.779717,2.796796068706034,310.0
397.0,122.1,92.2,8.0,36.0,0.30939878387096775,1.6723624214583495,-3.282019,2.90021,0.779717,2.796796068706034,310.0
632.0,122.4,91.0,25.0,64.0,0.30939878387096775,1.6723624214583495,-3.282019,2.90021,0.779717,2.796796068706034,310.0
265.0,126.4,92.1,20.0,22.0,0.30939878387096775,1.6723624214583495,-3.282019,2.90021,0.779717,2.796796068706034,310.0
499.0,124.6,91.1,25.0,20.0,0.30939878387096775,1.6723624214583495,-3.282019,2.90021,0.779717,2.796796068706034,310.0
731.0,123.5,85.5,6.0,15.0,0.30939878387096775,1.6723624214583495,-3.282019,2.90021,0.779717,2.796796068706034,310.0
232.0,124.4,85.7,6.0,4.0,-0.1898854451612903,0.7426193212867428,-1.715327,1.909797,-0.2331705,0.5514834563483825,310.0
166.0,119.8,100.2,3.0,12.0,-0.0802830193548387,1.086823131899987,-1.605105,1.500849,-0.46622949999999996,1.1811845200328965,310.0
366.0,124.5,88.4,5.0,17.0,0.30939878387096775,1.6723624214583495,-3.282019,2.90021,0.779717,2.796796068706034,310.0
167.0,123.2,87.8,3.0,10.0,0.30939878387096775,1.6723624214583495,-3.282019,2.90021,0.779717,2.796796068706034,310.0
66.0,128.5,92.5,0.0,3.0,0.30939878387096775,1.6723624214583495,-3.282019,2.90021,0.779717,2.796796068706034,310.0
266.0,127.6,92.3,16.0,29.0,0.30939878387096775,1.6723624214583495,-3.282019,2.90021,0.779717,2.796796068706034,310.0
232.0,125.3,92.7,45.0,49.0,0.30939878387096775,1.6723624214583495,-3.282019,2.90021,0.779717,2.796796068706034,310.0
199.0,122.8,94.0,3.0,8.0,0.30939878387096775,1.6723624214583495,-3.282019,2.90021,0.779717,2.796796068706034,310.0
332.0,121.1,98.4,33.0,70.0,0.30939878387096775,1.6723624214583495,-3.282019,2.90021,0.779717,2.796796068706034,310.0
100.0,116.3,82.3,2.0,0.0,0.30939878387096775,1.6723624214583495,-3.282019,2.90021,0.779717,2.796796068706034,310.0
233.0,103.4,74.3,12.0,11.0,0.30939878387096775,1.6723624214583495,-3.282019,2.90021,0.779717,2.796796068706034,310.0
166.0,122.0,86.8,6.0,14.0,0.30939878387096775,1.6723624214583495,-3.282019,2.90021,0.779717,2.796796068706034,310.0
132.0,119.8,99.3,1.0,5.0,0.30939878387096775,1.6723624214583495,-3.282019,2.90021,0.779717,2.796796068706034,310.0
299.0,111.6,81.1,19.0,31.0,-0.16231232258064518,0.7625690615298706,-1.638929,1.851086,-0.2190585,0.5815115736025476,310.0
233.0,124.4,84.9,3.0,8.0,0.30939878387096775,1.6723624214583495,-3.282019,2.90021,0.779717,2.796796068706034,310.0
266.0,123.0,79.4,2.0,4.0,0.30939878387096775,1.6723624214583495,-3.282019,2.90021,0.779717,2.796796068706034,310.0
66.0,89.5,64.5,10.0,0.0,0.30939878387096775,1.6723624214583495,-3.282019,2.90021,0.779717,2.796796068706034,310.0
99.0,123.3,85.7,4.0,7.0,0.30939878387096775,1.6723624214583495,-3.282019,2.90021,0.779717,2.796796068706034,310.0
66.0,122.0,90.5,0.0,0.0,0.30939878387096775,1.6723624214583495,-3.282019,2.90021,0.779717,2.796796068706034,310.0
66.0,122.0,88.5,3.0,8.0,0.30939878387096775,1.6723624214583495,-3.282019,2.90021,0.779717,2.796796068706034,310.0
66.0,122.0,88.0,5.0,16.0,0.30939878387096775,1.6723624214583495,-3.282019,2.90021,0.779717,2.796796068706034,310.0
99.0,123.7,88.7,42.0,19.0,0.30939878387096775,1.6723624214583495,-3.282019,2.90021,0.779717,2.796796068706034,310.0
166.0,111.2,82.4,26.0,20.0,0.30939878387096775,1.6723624214583495,-3.282019,2.90021,0.779717,2.796796068706034,310.0
133.0,99.5,75.3,2.0,3.0,0.30939878387096775,1.6723624214583495,-3.282019,2.90021,0.779717,2.796796068706034,310.0
499.0,113.4,83.4,4.0,30.0,0.30939878387096775,1.6723624214583495,-3.282019,2.90021,0.779717,2.796796068706034,310.0
66.0,124.5,92.0,2.0,4.0,0.30939878387096775,1.6723624214583495,-3.282019,2.90021,0.779717,2.796796068706034,310.0
66.0,123.0,90.0,1.0,6.0,-0.14226989677419355,0.7789875028818452,-1.568813,1.780483,-0.1460745,0.6068215296460927,310.0
199.0,101.8,75.0,31.0,19.0,0.30939878387096775,1.6723624214583495,-3.282019,2.90021,0.779717,2.796796068706034,310.0
163.0,123.6,91.2,1.0,1.0,0.30939878387096775,1.6723624214583495,-3.282019,2.90021,0.779717,2.796796068706034,310.0
133.0,124.8,94.5,2.0,5.0,0.30939878387096775,1.6723624214583495,-3.282019,2.90021,0.779717,2.796796068706034,310.0
133.0,126.5,98.0,2.0,3.0,0.30939878387096775,1.6723624214583495,-3.282019,2.90021,0.779717,2.796796068706034,310.0
332.0,125.3,94.0,10.0,49.0,0.30939878387096775,1.6723624214583495,-3.282019,2.90021,0.779717,2.796796068706034,310.0
332.0,125.5,91.5,9.0,25.0,0.30939878387096775,1.6723624214583495,-3.282019,2.90021,0.779717,2.796796068706034,310.0
99.0,105.3,76.7,19.0,14.0,0.30939878387096775,1.6723624214583495,-3.282019,2.90021,0.779717,2.796796068706034,310.0
266.0,98.3,72.8,18.0,23.0,0.30939878387096775,1.6723624214583495,-3.282019,2.90021,0.779717,2.796796068706034,310.0
399.0,116.7,83.8,4.0,5.0,0.30939878387096775,1.6723624214583495,-3.282019,2.90021,0.779717,2.796796068706034,310.0
233.0,124.0,89.4,3.0,45.0,0.30939878387096775,1.6723624214583495,-3.282019,2.90021,0.779717,2.796796068706034,310.0
133.0,119.0,92.5,3.0,8.0,0.30939878387096775,1.6723624214583495,-3.282019,2.90021,0.779717,2.796796068706034,310.0
166.0,122.4,86.8,2.0,19.0,-0.12333499032258063,0.7962286203861361,-1.498069,1.703688,-0.07110849999999999,0.6339800159220096,310.0
365.0,123.8,92.4,4.0,14.0,0.30939878387096775,1.6723624214583495,-3.282019,2.90021,0.779717,2.796796068706034,310.0
134.0,124.5,94.8,4.0,4.0,0.30939878387096775,1.6723624214583495,-3.282019,2.90021,0.779717,2.796796068706034,310.0
166.0,122.4,92.8,7.0,20.0,0.30939878387096775,1.6723624214583495,-3.282019,2.90021,0.779717,2.796796068706034,310.0
133.0,117.5,82.5,2.0,4.0,0.30939878387096775,1.6723624214583495,-3.282019,2.90021,0.779717,2.796796068706034,310.0
565.0,120.2,83.3,8.0,6.0,0.30939878387096775,1.6723624214583495,-3.282019,2.90021,0.779717,2.796796068706034,310.0
67.0,125.0,89.0,5.0,10.0,0.30939878387096775,1.6723624214583495,-3.282019,2.90021,0.779717,2.796796068706034,310.0
166.0,122.0,84.4,3.0,6.0,0.30939878387096775,1.6723624214583495,-3.282019,2.90021,0.779717,2.796796068706034,310.0
199.0,117.8,81.3,5.0,16.0,0.30939878387096775,1.6723624214583495,-3.282019,2.90021,0.779717,2.796796068706034,310.0
232.0,123.1,86.0,4.0,15.0,0.30939878387096775,1.6723624214583495,-3.282019,2.90021,0.779717,2.796796068706034,310.0
232.0,125.5,90.4,5.0,31.0,0.30939878387096775,1.6723624214583495,-3.282019,2.90021,0.779717,2.796796068706034,310.0
167.0,126.2,92.0,5.0,27.0,0.30939878387096775,1.6723624214583495,-3.282019,2.90021,0.779717,2.796796068706034,310.0
232.0,126.0,91.1,12.0,32.0,-0.0979968064516129,0.8177027360159964,-1.460568,1.610542,-0.0179375,0.6686377644880463,310.0
498.0,115.6,92.5,37.0,13.0,0.30939878387096775,1.6723624214583495,-3.282019,2.90021,0.779717,2.796796068706034,310.0
199.0,120.7,91.5,9.0,4.0,0.30939878387096775,1.6723624214583495,-3.282019,2.90021,0.779717,2.796796068706034,310.0
365.0,122.5,90.8,7.0,9.0,0.30939878387096775,1.6723624214583495,-3.282019,2.90021,0.779717,2.796796068706034,310.0
232.0,125.6,90.1,4.0,4.0,0.30939878387096775,1.6723624214583495,-3.282019,2.90021,0.779717,2.796796068706034,310.0
266.0,126.2,89.1,5.0,22.0,0.30939878387096775,1.6723624214583495,-3.282019,2.90021,0.779717,2.796796068706034,310.0
66.0,123.0,92.5,2.0,2.0,0.30939878387096775,1.6723624214583495,-3.282019,2.90021,0.779717,2.796796068706034,310.0
233.0,120.4,99.6,1.0,10.0,0.30939878387096775,1.6723624214583495,-3.282019,2.90021,0.779717,2.796796068706034,310.0
232.0,123.1,90.0,5.0,22.0,0.30939878387096775,1.6723624214583495,-3.282019,2.90021,0.779717,2.796796068706034,310.0
266.0,126.0,89.5,4.0,23.0,0.30939878387096775,1.6723624214583495,-3.282019,2.90021,0.779717,2.796796068706034,310.0
133.0,126.8,100.8,2.0,8.0,0.30939878387096775,1.6723624214583495,-3.282019,2.90021,0.779717,2.796796068706034,310.0
65.0,128.5,105.0,1.0,6.0,0.30939878387096775,1.6723624214583495,-3.282019,2.90021,0.779717,2.796796068706034,310.0
100.0,123.3,95.3,6.0,5.0,-0.05848717096774193,0.8526718162690503,-1.420272,1.475506,0.018404,0.7270492262595611,310.0
399.0,123.9,91.8,40.0,34.0,0.30939878387096775,1.6723624214583495,-3.282019,2.90021,0.779717,2.796796068706034,310.0
134.0,124.3,99.5,4.0,3.0,0.30939878387096775,1.6723624214583495,-3.282019,2.90021,0.779717,2.796796068706034,310.0
199.0,128.5,103.0,2.0,4.0,0.30939878387096775,1.6723624214583495,-3.282019,2.90021,0.779717,2.796796068706034,310.0
99.0,128.0,93.0,1.0,5.0,0.30939878387096775,1.6723624214583495,-3.282019,2.90021,0.779717,2.796796068706034,310.0
166.0,114.8,94.0,6.0,1.0,0.30939878387096775,1.6723624214583495,-3.282019,2.90021,0.779717,2.796796068706034,310.0
166.0,116.6,81.0,3.0,5.0,0.30939878387096775,1.6723624214583495,-3.282019,2.90021,0.779717,2.796796068706034,310.0
66.0,122.0,90.5,11.0,25.0,0.30939878387096775,1.6723624214583495,-3.282019,2.90021,0.779717,2.796796068706034,310.0
99.0,123.3,92.3,3.0,3.0,0.30939878387096775,1.6723624214583495,-3.282019,2.90021,0.779717,2.796796068706034,310.0
299.0,119.9,91.8,9.0,21.0,0.30939878387096775,1.6723624214583495,-3.282019,2.90021,0.779717,2.796796068706034,310.0
66.0,125.0,90.0,1.0,16.0,0.30939878387096775,1.6723624214583495,-3.282019,2.90021,0.779717,2.796796068706034,310.0
199.0,123.7,83.0,3.0,6.0,0.30939878387096775,1.6723624214583495,-3.282019,2.90021,0.779717,2.796796068706034,310.0
100.0,124.0,84.7,5.0,5.0,-0.02483356451612904,0.8817997224963388,-1.41073,1.539923,0.0983015,0.77757075059462,310.0
99.0,119.0,80.7,8.0,3.0,0.30939878387096775,1.6723624214583495,-3.282019,2.90021,0.779717,2.796796068706034,310.0
99.0,125.0,88.0,3.0,0.0,0.30939878387096775,1.6723624214583495,-3.282019,2.90021,0.779717,2.796796068706034,310.0
132.0,124.0,87.3,5.0,11.0,0.30939878387096775,1.6723624214583495,-3.282019,2.90021,0.779717,2.796796068706034,310.0
100.0,124.0,86.3,2.0,7.0,0.30939878387096775,1.6723624214583495,-3.282019,2.90021,0.779717,2.796796068706034,310.0
298.0,116.0,78.6,5.0,3.0,0.30939878387096775,1.6723624214583495,-3.282019,2.90021,0.779717,2.796796068706034,310.0
99.0,124.0,88.0,3.0,16.0,0.30939878387096775,1.6723624214583495,-3.282019,2.90021,0.779717,2.796796068706034,310.0
332.0,123.3,91.4,8.0,39.0,0.30939878387096775,1.6723624214583495,-3.282019,2.90021,0.779717,2.796796068706034,310.0
133.0,123.5,92.3,6.0,39.0,0.30939878387096775,1.6723624214583495,-3.282019,2.90021,0.779717,2.796796068706034,310.0
299.0,123.4,88.8,39.0,33.0,0.30939878387096775,1.6723624214583495,-3.282019,2.90021,0.779717,2.796796068706034,310.0
231.0,124.4,90.3,4.0,20.0,0.30939878387096775,1.6723624214583495,-3.282019,2.90021,0.779717,2.796796068706034,310.0
102.0,118.7,88.7,8.0,25.0,0.30939878387096775,1.6723624214583495,-3.282019,2.90021,0.779717,2.796796068706034,310.0
133.0,123.5,89.5,2.0,22.0,0.001149867741935487,0.9052059206332995,-1.446205,1.594514,0.115148,0.8193977587495793,310.0
167.0,118.4,86.0,26.0,4.0,0.30939878387096775,1.6723624214583495,-3.282019,2.90021,0.779717,2.796796068706034,310.0
99.0,124.3,88.7,2.0,1.0,0.30939878387096775,1.6723624214583495,-3.282019,2.90021,0.779717,2.796796068706034,310.0
266.0,118.3,82.6,14.0,12.0,0.30939878387096775,1.6723624214583495,-3.282019,2.90021,0.779717,2.796796068706034,310.0
362.0,120.1,93.2,2.0,14.0,0.30939878387096775,1.6723624214583495,-3.282019,2.90021,0.779717,2.796796068706034,310.0
64.0,126.0,87.0,0.0,0.0,0.30939878387096775,1.6723624214583495,-3.282019,2.90021,0.779717,2.796796068706034,310.0
199.0,93.0,59.0,23.0,54.0,0.30939878387096775,1.6723624214583495,-3.282019,2.90021,0.779717,2.796796068706034,310.0
99.0,122.3,76.0,6.0,38.0,0.30939878387096775,1.6723624214583495,-3.282019,2.90021,0.779717,2.796796068706034,310.0
199.0,130.0,77.7,23.0,12.0,0.30939878387096775,1.6723624214583495,-3.282019,2.90021,0.779717,2.796796068706034,310.0
99.0,120.7,80.3,2.0,1.0,0.30939878387096775,1.6723624214583495,-3.282019,2.90021,0.779717,2.796796068706034,310.0
66.0,125.0,80.5,1.0,0.0,0.30939878387096775,1.6723624214583495,-3.282019,2.90021,0.779717,2.796796068706034,310.0
66.0,122.5,78.5,4.0,28.0,0.30939878387096775,1.6723624214583495,-3.282019,2.90021,0.779717,2.796796068706034,310.0
167.0,123.0,80.6,17.0,23.0,0.024362825806451615,0.9273459595082653,-1.475763,1.637392,0.14718199999999998,0.8599705286163051,310.0
66.0,124.5,79.0,4.0,4.0,0.30939878387096775,1.6723624214583495,-3.282019,2.90021,0.779717,2.796796068706034,310.0
66.0,129.5,79.0,0.0,20.0,0.30939878387096775,1.6723624214583495,-3.282019,2.90021,0.779717,2.796796068706034,310.0
132.0,120.3,99.3,2.0,7.0,0.30939878387096775,1.6723624214583495,-3.282019,2.90021,0.779717,2.796796068706034,310.0
199.0,124.2,74.7,6.0,15.0,0.30939878387096775,1.6723624214583495,-3.282019,2.90021,0.779717,2.796796068706034,310.0
266.0,127.6,75.5,34.0,18.0,0.30939878387096775,1.6723624214583495,-3.282019,2.90021,0.779717,2.796796068706034,310.0
99.0,129.3,76.0,7.0,4.0,0.30939878387096775,1.6723624214583495,-3.282019,2.90021,0.779717,2.796796068706034,310.0
67.0,126.5,76.0,6.0,2.0,0.30939878387096775,1.6723624214583495,-3.282019,2.90021,0.779717,2.796796068706034,310.0
99.0,130.3,76.7,8.0,12.0,0.30939878387096775,1.6723624214583495,-3.282019,2.90021,0.779717,2.796796068706034,310.0
299.0,131.4,80.6,6.0,22.0,0.30939878387096775,1.6723624214583495,-3.282019,2.90021,0.779717,2.796796068706034,310.0
66.0,131.5,82.5,1.0,0.0,0.30939878387096775,1.6723624214583495,-3.282019,2.90021,0.779717,2.796796068706034,310.0
298.0,128.3,87.7,10.0,50.0,0.30939878387096775,1.6723624214583495,-3.282019,2.90021,0.779717,2.796796068706034,310.0
166.0,129.4,86.0,18.0,13.0,0.0018259516129032342,1.2213935447027715,-1.923876,2.019684,-0.254571,1.491802191041601,310.0
133.0,129.0,88.0,7.0,4.0,0.0358993870967742,0.9389871635459676,-1.490453,1.658701,0.1598465,0.8816968933041017,310.0
232.0,117.9,76.7,4.0,3.0,0.30939878387096775,1.6723624214583495,-3.282019,2.90021,0.779717,2.796796068706034,310.0
199.0,129.2,99.2,2.0,9.0,0.30939878387096775,1.6723624214583495,-3.282019,2.90021,0.779717,2.796796068706034,310.0
732.0,128.2,89.5,19.0,29.0,0.30939878387096775,1.6723624214583495,-3.282019,2.90021,0.779717,2.796796068706034,310.0
235.0,128.0,90.4,5.0,7.0,0.30939878387096775,1.6723624214583495,-3.282019,2.90021,0.779717,2.796796068706034,310.0
99.0,130.0,101.7,0.0,7.0,0.30939878387096775,1.6723624214583495,-3.282019,2.90021,0.779717,2.796796068706034,310.0
100.0,131.0,103.7,2.0,3.0,0.051862232258064515,0.9555833173978406,-1.508775,1.68078,0.217106,0.9131394764890622,310.0
232.0,131.6,104.4,2.0,9.0,0.07691185483870969,0.9829937661389289,-1.533888,1.701984,0.2794225,0.9662767442679951,310.0
99.0,129.0,91.7,1.0,4.0,0.09445544838709677,1.0040008317299,-1.549853,1.711835,0.3055,1.008017670114331,310.0
365.0,129.5,88.6,5.0,14.0,0.12883985161290323,1.0513745172558775,-1.573468,1.707513,0.35781799999999997,1.1053883755350296,310.0
66.0,127.5,87.5,2.0,8.0,0.16528519354838708,1.1176861808586067,-1.573364,1.851872,0.469443,1.249222398882298,310.0
661.0,130.7,96.5,15.0,27.0,0.18525133548387096,1.1618484909161768,-1.6333,1.905728,0.5021720000000001,1.3498919158441973,310.0
100.0,118.0,77.7,1.0,2.0,-0.09616503870967742,1.0681586117176598,-1.574246,1.454981,-0.48566699999999996,1.1409628197865984,310.0
332.0,126.1,84.8,52.0,33.0,0.19707890322580646,1.190410784582187,-1.678811,1.897904,0.5358155,1.4170778360495777,310.0
233.0,131.0,80.6,18.0,36.0,0.2210246322580645,1.2455673410239803,-1.746578,1.987474,0.4473245,1.5514380010255484,310.0
99.0,133.0,83.7,3.0,10.0,0.26333762258064514,1.3212439995055085,-1.78909,2.090068,0.5487355,1.745685706229312,310.0
133.0,132.8,84.0,2.0,4.0,-0.004235225806451619,1.2087525632110023,-1.887553,1.979416,-0.2593165,1.4610827590691682,310.0
199.0,131.8,85.2,10.0,19.0,0.29257468387096774,1.362455705130777,-1.864148,2.130098,0.586186,1.856285548443403,310.0
132.0,130.8,90.3,8.0,7.0,0.30758134193548387,1.3818055472681756,-1.915399,2.146285,0.6353420000000001,1.9093865704611026,310.0
99.0,131.0,92.3,8.0,12.0,0.3225880064516129,1.4015421564688615,-1.966649,2.162473,0.667798,1.9643204163593868,310.0
632.0,130.1,94.6,8.0,50.0,0.3380405774193548,1.4232695184338087,-2.019841,2.222188,0.6906225,2.0256961221028056,310.0
233.0,135.0,103.6,6.0,12.0,0.35983337741935484,1.4549106794670326,-2.094924,2.340142,0.7635244999999999,2.116765085227222,310.0
133.0,131.8,94.0,2.0,7.0,0.3807689774193549,1.506251060503937,-2.228462,2.500621,0.844723,2.2687922572692347,310.0
199.0,104.7,88.8,2.0,12.0,0.30939878387096775,1.6723624214583495,-3.282019,2.90021,0.779717,2.796796068706034,310.0
65.0,119.0,94.0,0.0,0.0,0.30939878387096775,1.6723624214583495,-3.282019,2.90021,0.779717,2.796796068706034,310.0
99.0,129.3,94.7,1.0,3.0,0.3767802709677419,1.5826394492444325,-2.440558,2.670031,0.8368675,2.50474762630472,310.0
232.0,128.1,95.4,3.0,16.0,0.3411394580645161,1.6349329079481567,-2.747427,2.810549,0.7868465,2.673005613491816,310.0
433.0,129.5,94.9,22.0,19.0,0.32260328064516125,1.6569308290113873,-3.049181,2.86689,0.7766394999999999,2.745419772128363,310.0
970.0,128.9,95.7,10.0,65.0,0.3124318451612903,1.668782638087497,-3.228536,2.892556,0.7728465,2.7848354931822663,310.0
165.0,119.6,97.8,3.0,6.0,0.30939878387096775,1.6723624214583495,-3.282019,2.90021,0.779717,2.796796068706034,310.0
199.0,119.5,82.0,1.0,7.0,0.30939878387096775,1.6723624214583495,-3.282019,2.90021,0.779717,2.796796068706034,310.0
66.0,119.0,89.0,0.0,1.0,0.30939878387096775,1.6723624214583495,-3.282019,2.90021,0.779717,2.796796068706034,310.0
501.0,117.9,77.9,4.0,5.0,0.30939878387096775,1.6723624214583495,-3.282019,2.90021,0.779717,2.796796068706034,310.0
266.0,118.8,79.4,4.0,8.0,0.30939878387096775,1.6723624214583495,-3.282019,2.90021,0.779717,2.796796068706034,310.0
233.0,119.9,99.0,2.0,12.0,0.30939878387096775,1.6723624214583495,-3.282019,2.90021,0.779717,2.796796068706034,310.0
99.0,119.3,100.0,1.0,0.0,0.30939878387096775,1.6723624214583495,-3.282019,2.90021,0.779717,2.796796068706034,310.0
532.0,116.7,81.9,3.0,15.0,0.30939878387096775,1.6723624214583495,-3.282019,2.90021,0.779717,2.796796068706034,310.0
299.0,118.0,81.1,4.0,2.0,0.30939878387096775,1.6723624214583495,-3.282019,2.90021,0.779717,2.796796068706034,310.0
133.0,107.0,91.3,0.0,4.0,0.30939878387096775,1.6723624214583495,-3.282019,2.90021,0.779717,2.796796068706034,310.0
133.0,118.3,82.0,3.0,9.0,-0.1084177870967742,1.0523144459642493,-1.567654,1.416354,-0.5074814999999999,1.107365693185045,310.0
66.0,118.0,81.0,0.0,3.0,0.30939878387096775,1.6723624214583495,-3.282019,2.90021,0.779717,2.796796068706034,310.0
133.0,120.0,98.0,1.0,5.0,0.30939878387096775,1.6723624214583495,-3.282019,2.90021,0.779717,2.796796068706034,310.0
100.0,119.7,97.0,1.0,3.0,0.30939878387096775,1.6723624214583495,-3.282019,2.90021,0.779717,2.796796068706034,310.0
233.0,116.9,80.0,3.0,8.0,0.30939878387096775,1.6723624214583495,-3.282019,2.90021,0.779717,2.796796068706034,310.0
332.0,116.8,80.5,1.0,7.0,0.30939878387096775,1.6723624214583495,-3.282019,2.90021,0.779717,2.796796068706034,310.0
636.0,116.7,77.4,8.0,14.0,0.30939878387096775,1.6723624214583495,-3.282019,2.90021,0.779717,2.796796068706034,310.0
266.0,117.9,80.0,3.0,5.0,0.30939878387096775,1.6723624214583495,-3.282019,2.90021,0.779717,2.796796068706034,310.0
233.0,117.9,80.1,1.0,9.0,0.30939878387096775,1.6723624214583495,-3.282019,2.90021,0.779717,2.796796068706034,310.0
99.0,118.0,85.0,0.0,1.0,0.30939878387096775,1.6723624214583495,-3.282019,2.90021,0.779717,2.796796068706034,310.0
